Id,Author,Source,License
38807,Movie Company,https://en.wikipedia.org/wiki/File:Tiger_Cage_3.jpg,44
38811,Movie Company,https://en.wikipedia.org/wiki/File:Storm_Over_Ceylon.jpg,44
38812,Movie Company,https://en.wikipedia.org/wiki/File:Warlock_III_The_End_of_Innocence_DVD_cover_from_amazon.JPG,45
38814,Movie Company,https://en.wikipedia.org/wiki/File:Molly_maguires_movie_poster.jpg,44
38816,Movie Company,https://en.wikipedia.org/wiki/File:WashingtonSquareMoviePoster.jpg,44
38820,Impawards,https://en.wikipedia.org/wiki/File:Waterposter1985.jpg,44
38822,Movie Company,https://en.wikipedia.org/wiki/File:M%C3%B8rke.jpg,44
38837,Impawards,https://en.wikipedia.org/wiki/File:Whipped_2000.jpg,44
38840,Movie Company,https://en.wikipedia.org/wiki/File:Betrayed_poster.jpeg,44
38842,Movie Company,https://en.wikipedia.org/wiki/File:When_Boys_Fly_DVD.jpg,45
38845,Movie Company,https://en.wikipedia.org/wiki/File:In_country.jpg,44
38846,IMDb,https://en.wikipedia.org/wiki/File:Who%27s_That_Girl_(1987_film).png,44
38855,Movie Company,https://en.wikipedia.org/wiki/File:D%27amour_et_d%27eau_fra%C3%AEche.jpg,44
38882,Movie Company,https://en.wikipedia.org/wiki/File:Legendary_Assassin_poster.jpg,44
38885,Movie Company,https://en.wikipedia.org/wiki/File:Eating_Out_2_Sloppy_Second_DVD.jpg,45
38886,Movie Company,https://en.wikipedia.org/wiki/File:Charlies-ghost-story-(1995)-large-picture.jpg,45
38923,Phase 4 Films,https://en.wikipedia.org/wiki/File:GenerationUm.jpg,44
38942,imdb.com,https://en.wikipedia.org/wiki/File:Twice_Upon_a_Yesterday_(1998).jpg,44
38949,Movie Company,https://en.wikipedia.org/wiki/File:The_Wolfhound_poster.jpg,44
38952,Movieposter.com,https://en.wikipedia.org/wiki/File:Whitefang2.jpg,44
38975,Movie Company,https://en.wikipedia.org/wiki/File:Africa_United.jpg,44
38988,Movie Company,https://en.wikipedia.org/wiki/File:3_sezony_v_pekle_poster.jpg,44
38995,Home Box Office,https://en.wikipedia.org/wiki/File:My_house_in_umbria_film_poster.jpg,44
39044,Movie Company,https://en.wikipedia.org/wiki/File:Si_j%27%C3%A9tais_un_espion.jpg,44
39045,Movie Company,https://en.wikipedia.org/wiki/File:Justice_is_done_poster.jpg,44
39081,IMDB,https://en.wikipedia.org/wiki/File:The_Demon_1978_poster.jpg,44
39082,Movie Company,https://en.wikipedia.org/wiki/File:Pigs_and_Battleships_1961.jpg,45
39083,Movie Company,https://en.wikipedia.org/wiki/File:StreetMobsterposter.jpg,44
39087,All Movie Guide,https://en.wikipedia.org/wiki/File:TheAlarmist.jpg,44
39095,Movie Company,https://en.wikipedia.org/wiki/File:Bad_Family_poster.jpg,44
39101,Alliance Films,https://en.wikipedia.org/wiki/File:Tpb2movie.jpg,44
39103,Movie Company,https://en.wikipedia.org/wiki/File:Sultanes_del_Sur_(2007)_Film_Poster.jpg,44
39110,Movie Company,https://en.wikipedia.org/wiki/File:Where_Is_Parsifal_.jpg,45
39186,Movie Company,https://en.wikipedia.org/wiki/File:Smart_house_movie_cover.jpg,44
39228,Sentana Filmproduktion,https://en.wikipedia.org/wiki/File:The_Dance_of_Death_(1967_film).jpg,44
39336,Movie Company,https://en.wikipedia.org/wiki/File:IMTFTFE1983.jpg,44
39341,Movie Company,https://en.wikipedia.org/wiki/File:Kurutta-kajitsu-japanese-movie-poster-md.jpg,44
39370,Movie Company,https://en.wikipedia.org/wiki/File:A_Useful_Life.jpg,44
39400,Movieposterdb.com,https://en.wikipedia.org/wiki/File:Pelican_Blood_FilmPoster.jpeg,44
39401,La Butaca.net,https://en.wikipedia.org/wiki/File:Bon-appetit-cartel-353x500.jpg,44
39411,Movie Company,"https://en.wikipedia.org/wiki/File:Bianco,_rosso_e_poster.jpg",44
39412,Movie Company,https://en.wikipedia.org/wiki/File:Serafino_1968.jpg,44
39486,Movie Company,https://en.wikipedia.org/wiki/File:La_locandiera_(film).jpg,44
39487,Movie Company,https://en.wikipedia.org/wiki/File:Joan_Lui.jpg,44
39488,Movie Company,https://en.wikipedia.org/wiki/File:Cerasella.jpg,44
39489,Movie Company,https://en.wikipedia.org/wiki/File:Vacanzecolgangster.jpg,44
39490,Movie Company,https://en.wikipedia.org/wiki/File:Sodom_and_Gomorra_(1962).jpg,44
39499,Movie Company,https://en.wikipedia.org/wiki/File:Beautiful_Boy_(2010_film).jpg,44
39517,Movie Company,https://en.wikipedia.org/wiki/File:The_Adventures_of_Gerard_b.jpg,44
39531,Movieposterdb.com,https://en.wikipedia.org/wiki/File:Baffled!_FilmPoster.jpeg,44
39535,Movie Company,https://en.wikipedia.org/wiki/File:Two-orphans-freda-poster.jpg,44
39540,Movie Company,https://en.wikipedia.org/wiki/File:1984_Ave_Maria.jpg,44
39550,Movie Company,https://en.wikipedia.org/wiki/File:You_Only_Live_Once_(1952_film).jpg,44
39559,IMDb,https://en.wikipedia.org/wiki/File:Year_of_the_gun_poster.jpg,44
39592,Movie Company,https://en.wikipedia.org/wiki/File:Per_amore_per_magia.jpg,44
39593,Movie Company,https://en.wikipedia.org/wiki/File:La_cosa_buffa_15.png,32
39605,Movie Company,https://en.wikipedia.org/wiki/File:Legacy_film.jpg,44
39624,Amazon.com,https://en.wikipedia.org/wiki/File:Out_for_a_Kill_cover.jpg,45
39626,Movie Company,https://en.wikipedia.org/wiki/File:The_Manchu_Eagle_Murder_Caper_Mystery.jpg,45
39656,Movie Company,https://en.wikipedia.org/wiki/File:LastDeadEndStreet.jpg,44
39715,Movie Company,https://en.wikipedia.org/wiki/File:Colonel_redl.jpg,44
39816,Newestposters.com,https://en.wikipedia.org/wiki/File:Americanizingshelleyposter.jpg,44
39843,LD 50 Lethal Dose,https://en.wikipedia.org/wiki/File:Movie_poster_of_the_movie_LD_50_Lethal_Dose_2003.jpg,44
39925,Movie Company,https://en.wikipedia.org/wiki/File:15_Minuten_Wahrheit_poster.jpg,44
39973,Celluloid Dreams (as Celluloid Nightmares),https://en.wikipedia.org/wiki/File:MacheteMaidensUnleashed!_poster.jpg,44
39987,"Netflix/ BLT Communications, LLC",https://en.wikipedia.org/wiki/File:Trollhunters_Movie.jpg,44
40016,Mike Le Han,https://en.wikipedia.org/wiki/File:PeppercornPoster.jpg,21
40032,Movie Company,https://en.wikipedia.org/wiki/File:Stuck_Between_Stations.jpg,44
40388,Movie Company,https://en.wikipedia.org/wiki/File:Strays_movie_poster.jpeg,44
40390,Movie Company,https://en.wikipedia.org/wiki/File:Forgotten_Sins_DVD_Bess_Armstrong.jpg,44
40392,Movie Company,https://en.wikipedia.org/wiki/File:Eloise_at_the_Plaza.jpg,44
40431,Movie Company,https://en.wikipedia.org/wiki/File:Nina_Film_Poster.jpg,44
40433,Movie Company,https://en.wikipedia.org/wiki/File:Green_For_Danger.JPG,44
40434,Movie Company,https://en.wikipedia.org/wiki/File:Ocheiro_large.jpg,44
40437,Movie Company,https://en.wikipedia.org/wiki/File:RosencrantzGuildensternAreDead.png,44
40474,Movie Company,"https://en.wikipedia.org/wiki/File:Dostana,_2008_film_poster.jpg",44
40476,Movie Company,https://en.wikipedia.org/wiki/File:BlindFuryposter.jpg,44
40563,Movie Company,https://en.wikipedia.org/wiki/File:The_Embryo_Hunts_In_Secret_(French).jpg,44
40570,Movie Company,https://en.wikipedia.org/wiki/File:Violated_Angels_POSTER.jpg,45
40588,Movie Company,https://en.wikipedia.org/wiki/File:Rodovacover.jpg,45
40590,Movie Company,https://en.wikipedia.org/wiki/File:Song_Without_End_video_cover.jpg,45
40610,www.amazon.com,https://en.wikipedia.org/wiki/File:A_Nightingale_Sang_in_Berkeley_Square.jpg,45
40676,Movie Company,https://en.wikipedia.org/wiki/File:Volpone_(film).jpg,44
40692,Movie Company,https://en.wikipedia.org/wiki/File:D%C3%A9sir%C3%A9_(1937_film).jpg,44
40850,MoviePosterDB.com,https://en.wikipedia.org/wiki/File:Amour1970Poster.jpg,44
40852,Arne Ungermann/Nordisk Film,https://en.wikipedia.org/wiki/File:Det_tossede_paradis_(Crazy_Paradise)_1962_Gabriel_Axel_poster_by_Arne_Ungermann.jpg,44
40855,Miramax Films,https://en.wikipedia.org/wiki/File:The_Third_Wheel_film.jpg,45
40858,millaj.com,https://en.wikipedia.org/wiki/File:You_Stupid_Man.jpg,44
40909,Movie Company,https://en.wikipedia.org/wiki/File:The_Accident_(film).jpg,44
40913,IMP Awards,https://en.wikipedia.org/wiki/File:Peep_World_Poster.jpg,44
40939,Movie Company,https://en.wikipedia.org/wiki/File:Fort_McCoy_(film)_poster.jpg,44
40965,Movie Company,https://en.wikipedia.org/wiki/File:The_Virtuous_Scoundrel.jpg,44
40981,"Toho Company, © 1937",https://en.wikipedia.org/wiki/File:Humanity_and_Paper_Balloons_poster.jpg,32
40983,Movie Company,https://en.wikipedia.org/wiki/File:Maborosi.jpg,44
41226,IMP Awards,https://en.wikipedia.org/wiki/File:LosinIt.jpg,44
41228,Movie Company,https://en.wikipedia.org/wiki/File:La_polizia_sta_a_guardare.jpg,44
41234,MoviePosterDB.com,https://en.wikipedia.org/wiki/File:ManOnHorseback1969Poster.jpg,44
41235,Movie Company,https://en.wikipedia.org/wiki/File:5th_day_of_peace_DVD_cover.jpg,45
41246,Movie Company,https://en.wikipedia.org/wiki/File:Steve_film_poster.png,44
41365,Movie Company,https://en.wikipedia.org/wiki/File:Buccaneer1.jpg,44
41370,unknown (RKO Pictures),https://en.wikipedia.org/wiki/File:Walter_Abel-Margot_Grahame_in_The_Three_Musketeers_(1935).jpg,32
41374,Movie Company,https://en.wikipedia.org/wiki/File:FrenchPostcards.jpg,44
41379,Movieposter.com,https://en.wikipedia.org/wiki/File:American_flyers.jpg,44
41421,Audubon Films,https://en.wikipedia.org/wiki/File:Camille2000-1969FilmByRadleyMetzger2.jpg,44
41444,Movie Company,https://en.wikipedia.org/wiki/File:The_Madonna_and_the_Dragon.jpg,44
41445,Movie Company,https://en.wikipedia.org/wiki/File:Rx_(film).jpg,44
41487,Movie Company,https://en.wikipedia.org/wiki/File:1958_Racconti_d_estate_poster.jpg,44
41523,Movie Company,https://en.wikipedia.org/wiki/File:Classe_mista.jpg,44
41581,Movie Company,https://en.wikipedia.org/wiki/File:The_Precinct.jpg,44
41582,Movie Company,https://en.wikipedia.org/wiki/File:Third_Person_Singular_Number.jpg,44
41584,Movie Company,https://en.wikipedia.org/wiki/File:Cirkus_Columbia.jpg,44
41585,IMP Awards,https://en.wikipedia.org/wiki/File:Lula_o_filho_do_brasil_poster.jpg,44
41588,Movie Company,https://en.wikipedia.org/wiki/File:Crab_Trap.jpg,44
41589,Movie Company,https://en.wikipedia.org/wiki/File:Of_Love_and_Other_Demons.jpg,44
41590,Movie Company,https://en.wikipedia.org/wiki/File:The_Blacks_(film)_poster.jpg,44
41592,Movie Company,https://en.wikipedia.org/wiki/File:Messages_of_the_Sea.jpg,44
41594,IMDB,https://en.wikipedia.org/wiki/File:The_Athlete_(2009_film).jpg,44
41597,Movie Company,https://en.wikipedia.org/wiki/File:Street_Days.jpg,44
41598,Movie Company,https://en.wikipedia.org/wiki/File:EchoesOfTheRainbowPoster.jpg,44
41601,Movie Company,https://en.wikipedia.org/wiki/File:How_Funny.jpg,44
41602,Mehdi Naderi,https://en.wikipedia.org/wiki/File:Farewell-baghdad-poster.JPG,44
41605,Movie Company,https://en.wikipedia.org/wiki/File:Strayed.jpg,44
41606,Movie Company,https://en.wikipedia.org/wiki/File:Amaya.jpg,44
41609,Movie Company,https://en.wikipedia.org/wiki/File:Tirza_(2010_film_poster).jpg,44
41611,Movie Company,https://en.wikipedia.org/wiki/File:Engelen.jpg,44
41613,Movie Company,https://en.wikipedia.org/wiki/File:Noy_the_movie_poster.jpg,44
41615,Movie Company,https://en.wikipedia.org/wiki/File:Miente.jpg,44
41616,Movie Company,https://en.wikipedia.org/wiki/File:The_Edge_film.jpg,44
41618,Movie Company,https://en.wikipedia.org/wiki/File:Hranica.jpg,44
41619,Movie Company,https://en.wikipedia.org/wiki/File:A_Barefoot_Dream_poster.jpg,44
41626,Movie Company,https://en.wikipedia.org/wiki/File:CarryOnHenry.TheatricalQuadPoster.jpg,44
41681,Movie Company,https://en.wikipedia.org/wiki/File:Toughest_Gun_in_Tombstone.jpg,44
41694,Imagination Worldwide LLC,https://en.wikipedia.org/wiki/File:Promotional_poster_for_the_film_The_Lost_(2006).jpg,44
41729,Movie Company,https://en.wikipedia.org/wiki/File:La_Conjura_de_El_Escorial_poster.jpg,44
41732,Movie Company,https://en.wikipedia.org/wiki/File:Lone_Wolf_and_Cub_Baby_Cart_to_Hades.jpg,44
41773,Movie Company,https://en.wikipedia.org/wiki/File:Camorra-italian-movie-poster-md.jpg,44
41788,Movie Company,https://en.wikipedia.org/wiki/File:ASlightlyPregnantMan1973Poster.jpg,44
41812,Movie Company,https://en.wikipedia.org/wiki/File:199_Tips_to_Be_Happy_poster.jpg,44
41826,Created from physical media,https://en.wikipedia.org/wiki/File:Mom%27s_Got_a_Date_with_a_Vampire.jpg,44
41827,ABC Family,https://en.wikipedia.org/wiki/File:The_Initiation_of_Sarah_2006_remake_poster.jpg,44
41918,Movie Company,https://en.wikipedia.org/wiki/File:Angels_in_the_Endzone.jpg,45
41969,Movie Company,https://en.wikipedia.org/wiki/File:Saint_ralph_2004.jpg,45
41974,MoviePosterDB.com,https://en.wikipedia.org/wiki/File:TheBrokenTower2011Poster.jpg,44
41975,Movie Company,https://en.wikipedia.org/wiki/File:Diamonds_of_the_Night.png,44
41976,Movie Company,https://en.wikipedia.org/wiki/File:Alabama_Moon_poster.jpg,44
41981,Movie Company,https://en.wikipedia.org/wiki/File:Fifilaplumeposter.jpg,44
41984,Movie Company,https://en.wikipedia.org/wiki/File:All_About_Loving_postr.jpg,44
41987,Movie Company,https://en.wikipedia.org/wiki/File:The_Center_of_the_World_poster.jpg,44
41992,Movie Company,https://en.wikipedia.org/wiki/File:ShatterdeadDVDscan.jpg,45
42022,Movie Company,https://en.wikipedia.org/wiki/File:Theycallheroneeye.jpg,44
42023,Movieposterdb.com,https://en.wikipedia.org/wiki/File:Confessions_of_a_Driving_Instructor_FilmPoster.jpeg,44
42030,Movie Company,https://en.wikipedia.org/wiki/File:Rebels_of_the_neon_god.jpg,45
42041,Amazon.com,https://en.wikipedia.org/wiki/File:Apartment_for_Peggy_VideoCover.png,45
42042,Movie Company,https://en.wikipedia.org/wiki/File:Beautiful_Blonde_poster.jpg,44
42043,Movie Company,https://en.wikipedia.org/wiki/File:Fantasies_(film).jpg,44
42048,Movie Company,https://en.wikipedia.org/wiki/File:Childish_Things_(film).jpg,44
42049,Movie Company,https://en.wikipedia.org/wiki/File:Love_You_(film).jpg,44
42055,Movie Company,https://en.wikipedia.org/wiki/File:StompTheYard_Homecoming_cover.jpg,45
42062,Movie Company,https://en.wikipedia.org/wiki/File:Cheerleaderninjas.jpg,45
42076,Crown International Pictures,https://en.wikipedia.org/wiki/File:Coach_(1978)_poster.jpg,44
42087,Movie Company,https://en.wikipedia.org/wiki/File:Visionsoflightposter.jpg,44
42112,Parabólica Brasil,https://en.wikipedia.org/wiki/File:Bog_of_Beasts.jpg,44
42213,Movie Company,https://en.wikipedia.org/wiki/File:Island_of_the_Fishmen_poster_French.jpg,44
42215,Impawards,https://en.wikipedia.org/wiki/File:Salsaposter.jpg,44
42257,Movie Company,https://en.wikipedia.org/wiki/File:Don%27t_Be_Afraid_of_the_Dark_TVGuide.png,44
42294,United Artists,https://en.wikipedia.org/wiki/File:Return_from_the_Ashes_poster.jpg,44
42300,Movie Company,https://en.wikipedia.org/wiki/File:Now_Where_Did_the_7th_Company_Get_to.jpg,44
42330,Movie Company,https://en.wikipedia.org/wiki/File:His_Name_Was_Holy_Ghost_poster.jpg,44
42332,Impawards,https://en.wikipedia.org/wiki/File:Grand_theft_auto_poster.jpg,44
42337,Movie Company,https://en.wikipedia.org/wiki/File:PlasticBagPoster(wlaurels).jpg,44
42338,Movie Company,https://en.wikipedia.org/wiki/File:Asesinato_en_el_Comite_Cental.jpg,44
42344,Hallmark Home Entertainment,https://en.wikipedia.org/wiki/File:Robin_of_Locksley_Movie_Poster.jpg,44
42348,Movie Company,https://en.wikipedia.org/wiki/File:GetSmartsBruceandLloydOutofControl.jpg,44
42349,Movie Company,https://en.wikipedia.org/wiki/File:MoonlightAndValentino.jpg,44
42384,Movie Company,https://en.wikipedia.org/wiki/File:Giubbe_rosse_film.jpg,45
42386,Movie Company,https://en.wikipedia.org/wiki/File:The-Insect-Woman-poster.jpg,44
42396,Movie Company,https://en.wikipedia.org/wiki/File:Barbara_(1961_film).jpg,44
42399,©1915 Essanay Studios,https://en.wikipedia.org/wiki/File:A_Night_Out_(film_Fr_poster).jpg,32
42438,Dony Permedi,https://en.wikipedia.org/wiki/File:Kiwi_opening_screen.png,32
42443,Movie Company,https://en.wikipedia.org/wiki/File:The_Belt_poster.jpg,44
42444,Movie Company,https://en.wikipedia.org/wiki/File:Giovanni_Falcone_(film).jpg,44
42466,Movie Company,https://en.wikipedia.org/wiki/File:Insearchofannaposter.jpg,44
42481,Josef Fenneker,https://en.wikipedia.org/wiki/File:The_Burning_Soil_poster.jpg,44
42482,Movie Company,https://en.wikipedia.org/wiki/File:Caste_of_Sand_Poster.jpg,44
42483,Movie Company,https://en.wikipedia.org/wiki/File:Yama_no_oto_poster.jpg,32
42489,Movie Company,https://en.wikipedia.org/wiki/File:Il_Posto_DVD.jpg,45
42490,Shochiku,"https://en.wikipedia.org/wiki/File:I_Was_Born,_But..._1932.jpg",32
42503,"Miravista, Globo Filmes",https://en.wikipedia.org/wiki/File:The_Middle_of_the_World_(2003_film).jpg,44
42528,Daiei Film,https://en.wikipedia.org/wiki/File:Street_of_Shame_poster.jpg,32
42547,Movie Company,https://en.wikipedia.org/wiki/File:Henrytudorwinstone.jpg,44
42557,Synops,https://en.wikipedia.org/wiki/File:Les_Anges_du_peche.jpg,44
42637,RKO Studios,https://en.wikipedia.org/wiki/File:Film_Poster_for_Return_of_the_Bad_Men.jpg,44
42639,Movie Company,https://en.wikipedia.org/wiki/File:Crimewave_poster.jpg,44
42666,Movie Company,https://en.wikipedia.org/wiki/File:Danika_--_dvd_cover.jpg,45
42667,Atlantic Pictures / Paladin,https://en.wikipedia.org/wiki/File:Splinterheads.jpg,44
42668,Movie Company,https://en.wikipedia.org/wiki/File:Brother2.jpg,44
42688,Movie Company,https://en.wikipedia.org/wiki/File:Seven_Deaths_in_the_Cat%27s_Eye-poster.jpg,44
42690,Movie Company,https://en.wikipedia.org/wiki/File:The_Werewolf_Vs._Vampire_Woman.jpg,44
42691,Movie Company,https://en.wikipedia.org/wiki/File:Processo_per_direttissima.jpg,44
42695,Movie Company,https://en.wikipedia.org/wiki/File:Invisibleagent.jpg,44
42696,Universal Pictures,https://en.wikipedia.org/wiki/File:Ali_baba_1944.jpg,44
42724,book,https://en.wikipedia.org/wiki/File:Strawberry_Shortcakes_(manga)_Cover.jpg,44
42738,Movie Company,https://en.wikipedia.org/wiki/File:Luci-del-varieta-italian-movie-poster-md.jpg,44
42740,Amazon.com,https://en.wikipedia.org/wiki/File:Prophecyv.jpg,45
42785,Movie Company,"https://en.wikipedia.org/wiki/File:I_Travel_Because_I_Have_to,_I_Come_Back_Because_I_Love_You.jpg",44
42790,Movie Company,https://en.wikipedia.org/wiki/File:Monsieur_Papa_1977.jpg,44
42791,Movie Company,https://en.wikipedia.org/wiki/File:Night-games-movie-poster-md.jpg,44
42814,Movie Company,https://en.wikipedia.org/wiki/File:Dudleydo-rightmovieposter.jpg,44
42829,Movie Company,https://en.wikipedia.org/wiki/File:Le_Septi%C3%A8me_Ciel_poster.jpg,44
42845,Movie Company,https://en.wikipedia.org/wiki/File:Docteur-Jekyll-et-les-femmes.jpg,44
42882,Movieposterdb.com,https://en.wikipedia.org/wiki/File:The_Confession_FilmPoster.jpeg,44
42975,Movie Company,https://en.wikipedia.org/wiki/File:Femmine_contro_maschi.jpg,44
42977,Movie Company,https://en.wikipedia.org/wiki/File:Maschi_contro_femmine_poster.jpg,44
42984,Movie Company,https://en.wikipedia.org/wiki/File:Stalags_Poster.jpg,44
42993,Impawards,https://en.wikipedia.org/wiki/File:Final_season_poster.jpg,44
42995,Movie Company,https://en.wikipedia.org/wiki/File:Meteor_Apocalypse.jpg,44
42996,Movie Company,https://en.wikipedia.org/wiki/File:Luis_Trenker1.JPG,32
43031,Twitch,https://en.wikipedia.org/wiki/File:Livid_Poster.jpg,44
43037,Movie Company,https://en.wikipedia.org/wiki/File:New_Low.jpg,44
43038,Amazon.com,https://en.wikipedia.org/wiki/File:Secrets2004.jpg,45
43043,Movie Company,https://en.wikipedia.org/wiki/File:The_Pleasure_Pit.jpg,44
43052,MoviePosterDB.com,https://en.wikipedia.org/wiki/File:BendaBilili!2010Poster.jpg,44
43082,Movie Company,https://en.wikipedia.org/wiki/File:Webs_2003.jpg,45
43088,Movie Company,https://en.wikipedia.org/wiki/File:Mr_fixit.jpg,44
43154,Movie Company,https://en.wikipedia.org/wiki/File:Heart_of_dixie_poster.jpg,44
43159,New Line Cinema,https://en.wikipedia.org/wiki/File:Amusement_(film)_poster.jpg,44
43261,Movie Company,https://en.wikipedia.org/wiki/File:Noah%27s_Ark_DVD_cover.jpg,45
43262,Norris Brothers Entertainment,https://en.wikipedia.org/wiki/File:President_Man_a_Chuck_Norris_film.jpg,44
43263,Norris Brothers Entertainment,https://en.wikipedia.org/wiki/File:The_Presidents_Man_A_Line_in_the_Sand_poster.jpg,44
43321,Movie Company,https://en.wikipedia.org/wiki/File:EyyvahEyvah2TheatricalPoster.jpg,44
43323,Shōchiku,https://en.wikipedia.org/wiki/File:Den_Obinata_and_Takeshi_Sakamoto_in_Dekigokoro_(1933).jpg,32
43327,Warner Bros.,https://en.wikipedia.org/wiki/File:MACKINTOSH_MAN.jpg,44
43334,Movie Company,https://en.wikipedia.org/wiki/File:Dark_Waters_(1994_film)_POSTER.jpg,45
43402,Movie Company,https://en.wikipedia.org/wiki/File:Mean_Guns_film_poster.jpg,44
43409,Movie Company,https://en.wikipedia.org/wiki/File:Futuresport-DVDcoverart.jpg,45
43429,Movie Company,https://en.wikipedia.org/wiki/File:A_Midwinter%27s_Tale.jpg,45
43450,Playbill,https://en.wikipedia.org/wiki/File:Beatlemania_Playbill_cover.jpg,32
43459,Ice Twister Productions Inc,https://en.wikipedia.org/wiki/File:Ice_Twisters_(2009)_poster.jpg,44
43462,Movie Company,https://en.wikipedia.org/wiki/File:Sweepers98.jpg,44
43465,Walt Disney Studio,https://en.wikipedia.org/wiki/File:11_-_Mickey%27s_Choo-Choo.jpg,32
43467,Movie Company,https://en.wikipedia.org/wiki/File:Sgt_peppers_lonely_hearts_club_band_poster.jpg,44
43471,Movie Company,https://en.wikipedia.org/wiki/File:Savage_seven.jpg,44
43479,Movie Company,https://en.wikipedia.org/wiki/File:A_Crack_in_the_Floor.jpg,44
43480,Sony Pictures Classics,https://en.wikipedia.org/wiki/File:HIGHERGROUNDposter.JPG,44
43493,Movie Company,https://en.wikipedia.org/wiki/File:Aoi_Haru.jpg,45
43505,Movie Company,https://en.wikipedia.org/wiki/File:The_Army_Game.jpg,44
43523,Movie Company,https://en.wikipedia.org/wiki/File:OBandidoDaLuzVermelha.jpg,44
43553,Movie Company,https://en.wikipedia.org/wiki/File:Here_ver2.jpg,44
43558,Warner,https://en.wikipedia.org/wiki/File:The_Best_Things_In_The_World.jpg,44
43560,Elgin James,https://en.wikipedia.org/wiki/File:Little_Birds_Theatrical_Poster_2011.jpg,44
43563,Movie Company,https://en.wikipedia.org/wiki/File:Chico_Xavier.jpg,44
43605,IMPAwards,https://en.wikipedia.org/wiki/File:Terri_film_poster.jpg,44
43623,Movie Company,https://en.wikipedia.org/wiki/File:Onsecalme.JPG,44
43629,Movie Company,https://en.wikipedia.org/wiki/File:La_liceale_nella_classe_dei_ripetenti.jpg,44
43635,IMP Awards,https://en.wikipedia.org/wiki/File:The_september_issue.jpg,44
43683,Movie Company,https://en.wikipedia.org/wiki/File:1934_Count_of_Monte_Cristo.jpg,44
43691,Movie Company,https://en.wikipedia.org/wiki/File:Humperposter.jpg,44
43696,Movie Company,https://en.wikipedia.org/wiki/File:Beeper_(film).jpg,44
43730,Movie Company,https://en.wikipedia.org/wiki/File:Timecop2berlin.jpg,45
43762,Movie Company,https://en.wikipedia.org/wiki/File:Flight_Into_Danger.gif,44
43768,Movie Company,https://en.wikipedia.org/wiki/File:The_Christmas_List_(1997_film).jpg,44
43802,Movie Company,https://en.wikipedia.org/wiki/File:UnitedRedArmy.MoviePoster.jpg,44
43808,Movie Company,https://en.wikipedia.org/wiki/File:Jeon_Woo_Chi_Woochi.jpg,44
43821,Impawards,https://en.wikipedia.org/wiki/File:Illegal_tender_poster.jpg,44
43822,Impawards,https://en.wikipedia.org/wiki/File:Babysitters_club_film.jpg,44
43843,Movie Company,https://en.wikipedia.org/wiki/File:My_Joy.jpg,44
43872,Movie Company,https://en.wikipedia.org/wiki/File:Objectified_cover.jpg,44
43874,imdb.com,https://en.wikipedia.org/wiki/File:18_Year_Old_Virgin.jpg,45
43884,Movie Company,https://en.wikipedia.org/wiki/File:Yelling_to_the_Sky_(2011_film)_poster_art.jpg,44
43901,Movie Company,https://en.wikipedia.org/wiki/File:God_of_Love.jpg,44
43911,Movie Company,https://en.wikipedia.org/wiki/File:All_the_Brothers_Were_Valiant_poster.jpg,44
43913,amazon.com,https://en.wikipedia.org/wiki/File:Americanninja2.jpg,44
43916,Movie Company,https://en.wikipedia.org/wiki/File:RichieRichsChristmasWish.jpg,45
43919,Fox Television Studios,https://en.wikipedia.org/wiki/File:Black_River_(2001)_Film_Poster.jpg,44
43924,Universal Studios,https://en.wikipedia.org/wiki/File:BeethovensfifthDVD.jpg,45
43925,Movie Company,https://en.wikipedia.org/wiki/File:Elephantboyposter.jpg,44
43959,Universal Pictures,https://en.wikipedia.org/wiki/File:The_Yellow_Mountain_(1954)_Film_Poster.jpg,44
43961,Movie Company,https://en.wikipedia.org/wiki/File:Bob_the_Butler_poster.jpg,44
43962,Screen Media Films,https://en.wikipedia.org/wiki/File:Confessions_of_a_Sociopathic_Social_Climber.jpg,44
43964,Movie Company,https://en.wikipedia.org/wiki/File:Helvetica-film.JPG,44
43969,Movie Company,https://en.wikipedia.org/wiki/File:Rich_Kids_(film).jpg,44
43987,Movie Company,https://en.wikipedia.org/wiki/File:The_Buddenbrooks_(1923_film).jpg,44
44010,Movie Company,https://en.wikipedia.org/wiki/File:Pretty_Ugly_People.jpg,44
44015,Movie Company,https://en.wikipedia.org/wiki/File:AtorBlademaster.jpg,44
44022,Movieposterdb.com,https://en.wikipedia.org/wiki/File:Joseph_Andrews_FilmPoster.jpeg,44
44034,Movie Company,https://en.wikipedia.org/wiki/File:Anita_Swedish_Nymphet_DVD_cover.jpg,45
44057,Movie Company,https://en.wikipedia.org/wiki/File:The_Tricyclist.jpg,44
44067,Movie Company,https://en.wikipedia.org/wiki/File:La_Cucaracha_DVD_cover.jpg,45
44068,Impawards.com,https://en.wikipedia.org/wiki/File:Weather_girl_post.jpg,44
44079,Movie Company,https://en.wikipedia.org/wiki/File:Wake_Wood.jpg,44
44136,Movie Company,https://en.wikipedia.org/wiki/File:Flying_Dagger_(1993_film)_DVD_boxart.jpg,45
44145,Movie Company,"https://en.wikipedia.org/wiki/File:L%27arma,_l%27ora,_il_movente.jpg",44
44150,Movie Company,https://en.wikipedia.org/wiki/File:Corleone_(film).jpg,44
44151,Movie Company,https://en.wikipedia.org/wiki/File:TheViolentFour-Poster.jpg,44
44152,Movie Company,https://en.wikipedia.org/wiki/File:Barbagia_(film).jpg,44
44154,Movie Company,https://en.wikipedia.org/wiki/File:Mafia_Connection_film.jpg,44
44168,Movie Company,https://en.wikipedia.org/wiki/File:Return_of_the_38_Gang.jpg,44
44177,Movie Company,https://en.wikipedia.org/wiki/File:Vampire-happening-poster.jpg,44
44178,Movie Company,https://en.wikipedia.org/wiki/File:The-magnificent-tony-carrera-movie-poster-1968-1020463112.jpg,44
44180,Movie Company,https://en.wikipedia.org/wiki/File:W%C3%A4lsungenblut.jpg,44
44203,Rankin/Bass,https://en.wikipedia.org/wiki/File:The_Ivory_Ape_poster.jpg,44
44224,Movie Company,https://en.wikipedia.org/wiki/File:The_Kansas_City_Massacre.jpg,44
44231,Created from physical media,https://en.wikipedia.org/wiki/File:Thethirteenthyear.jpg,45
44240,New Line Cinema,https://en.wikipedia.org/wiki/File:Hoot_film.jpg,44
44246,Movie Company,https://en.wikipedia.org/wiki/File:The_Red_Inn.jpg,44
44294,Movie Company,https://en.wikipedia.org/wiki/File:Zorro-1975-poster.jpg,44
44299,Movie Company,https://en.wikipedia.org/wiki/File:Sharpe%27s_Challenge_DVD.jpg,45
44307,Movie Company,https://en.wikipedia.org/wiki/File:Gfaccpos.jpg,44
44378,IMP Awards,https://en.wikipedia.org/wiki/File:The_Greatest_Movie_Ever_Sold_Poster.jpg,44
44474,Movie Company,https://en.wikipedia.org/wiki/File:Family_Diary_poster.jpg,44
44476,Movie Company,https://en.wikipedia.org/wiki/File:Et_Satan_conduit_le_bal_(B).jpg,44
44478,Movie Company,https://en.wikipedia.org/wiki/File:LE_PROCES_DES_DOGES_poster.jpg,44
44489,Movie Company,https://en.wikipedia.org/wiki/File:PiccoloDiavolo.jpg,45
44541,Movie Company,https://en.wikipedia.org/wiki/File:Intimate_Strangers_poster.jpg,44
44550,Movie Company,https://en.wikipedia.org/wiki/File:CodePereNoel.jpg,44
44565,Movie Company,https://en.wikipedia.org/wiki/File:Missjulie1951.jpg,44
44567,Movie Company,https://en.wikipedia.org/wiki/File:The_Song_of_the_Scarlet_Flower_(1956_film).jpg,44
44568,FilmAffinity,https://en.wikipedia.org/wiki/File:The_Devil%27s_Eye_by_Bergman.jpg,44
44633,International Movie Poster Awards 2003 Gallery[1],https://en.wikipedia.org/wiki/File:Papiposter.jpg,44
44637,Movie Company,https://en.wikipedia.org/wiki/File:Kill-theory-2009_53833161.jpg,44
44638,Movie Company,https://en.wikipedia.org/wiki/File:Kill_Me_Later.jpg,44
44653,Movie Company,https://en.wikipedia.org/wiki/File:At_World%27s_End_(2009_film)_poster.jpg,44
44660,Movie Company,https://en.wikipedia.org/wiki/File:KutsalDamacanaDracoolaTheatricalPoster.jpg,44
44664,Movie Company,https://en.wikipedia.org/wiki/File:The_Details_poster.jpg,44
44668,Columbia Pictures,https://en.wikipedia.org/wiki/File:Retroactive.jpg,44
44675,Movie Company,https://en.wikipedia.org/wiki/File:StyrmandKarlsen.jpg,44
44677,official website,https://en.wikipedia.org/wiki/File:An_African_Election_poster_film.jpg,44
44687,Movie Company,https://en.wikipedia.org/wiki/File:DeadAndDeader.jpg,45
44692,Impawards.com,https://en.wikipedia.org/wiki/File:Ready_to_rumble_poster.jpg,44
44694,Movie Company,https://en.wikipedia.org/wiki/File:Kuroi-ame-japanese-movie-poster-md.jpg,44
44699,Movie Company,https://en.wikipedia.org/wiki/File:Mothers_film.jpg,44
44737,Movie Company,https://en.wikipedia.org/wiki/File:As_I_Lay_Dying_2013_film_poster.jpg,44
44739,Kinepolis Film Distribution,https://en.wikipedia.org/wiki/File:Rundskop_bullhead_affiche_poster.jpg,44
44742,Movie Company,https://en.wikipedia.org/wiki/File:Ashamed.jpg,44
44749,Movie Company,https://en.wikipedia.org/wiki/File:Suburbia_(film).jpg,45
44750,Movie Company,https://en.wikipedia.org/wiki/File:ON_LINE_2002_film-poster.jpg,44
44751,Movie Company,https://en.wikipedia.org/wiki/File:Adventure_in_Vienna.jpg,44
44752,Impawards,https://en.wikipedia.org/wiki/File:Murder_by_decree_poster.jpg,44
44756,Movie Company,https://en.wikipedia.org/wiki/File:Surprise-party.jpg,44
44759,Movie Company,"https://en.wikipedia.org/wiki/File:Tokyo_Tower-_Mom_and_Me,_and_Sometimes_Dad.jpg",44
44771,Albert Kirchner,https://en.wikipedia.org/wiki/File:Le_Coucher_de_la_Mari%C3%A9e.png,32
44860,Movie Company,https://en.wikipedia.org/wiki/File:Journey_to_Saturn_poster.jpg,44
44880,Movie Company,https://en.wikipedia.org/wiki/File:Dragonlance_dvd_cover.jpg,45
44881,Movie Company,https://en.wikipedia.org/wiki/File:Unholy_Desire_1964.jpg,45
44906,Movie Company,"https://en.wikipedia.org/wiki/File:Farewell,_My_Love.png",45
44986,Mokum Film,https://en.wikipedia.org/wiki/File:Vlees_Poster.jpg,44
45022,Official film poster,"https://en.wikipedia.org/wiki/File:Moscow,_My_Love.jpg",44
45029,Movie Company,https://en.wikipedia.org/wiki/File:Leontine_(film).jpg,44
45071,Movie Company,https://en.wikipedia.org/wiki/File:A_page_of_madness_film.jpg,44
45076,Movie Company,https://en.wikipedia.org/wiki/File:Mvdvd.jpg,45
45078,Movie Company,https://en.wikipedia.org/wiki/File:Story_of_a_Cloistered_Nun.jpg,45
45083,Movie Company,https://en.wikipedia.org/wiki/File:Gli_uomini_dal_passo_pesante.jpg,44
45091,Miramax Home Entertainment,https://en.wikipedia.org/wiki/File:Amonthbythelakeposter.jpg,44
45095,Movie Company,https://en.wikipedia.org/wiki/File:The_Adventurers_-_1970_-_poster.png,45
45097,Movie Company,https://en.wikipedia.org/wiki/File:Ready_for_Anything.jpg,44
45098,Movie Company,https://en.wikipedia.org/wiki/File:The_Last_Snows_of_Spring.jpg,44
45099,Movie Company,https://en.wikipedia.org/wiki/File:Le_bambole.jpg,44
45138,Movie Company,https://en.wikipedia.org/wiki/File:The_Peacekeeper.jpg,45
45147,Movie Company,https://en.wikipedia.org/wiki/File:Il_Sapore_Del_Grano_kiss.jpg,44
45178,Movieposterdb.com,https://en.wikipedia.org/wiki/File:Fidibus_FilmPoster.jpeg,44
45179,Impawards,https://en.wikipedia.org/wiki/File:Betrayal_film_poster.jpg,44
45226,Movieposterdb.com,https://en.wikipedia.org/wiki/File:The_Sweet_Ride_FilmPoster.jpeg,44
45227,Movie Company,https://en.wikipedia.org/wiki/File:A_Man_Called_Gannon.jpg,44
45229,Movie Company,https://en.wikipedia.org/wiki/File:The_Loves_and_Times_of_Scaramouche.jpg,44
45230,Movie Company,https://en.wikipedia.org/wiki/File:Deadly_companion_poster.jpg,44
45272,Movie Company,https://en.wikipedia.org/wiki/File:Double-target-german-movie-poster-md.jpg,44
45276,Amazon.com,https://en.wikipedia.org/wiki/File:The_Time_That_Remains_VideoCover.jpeg,45
45288,Movie Company,"https://en.wikipedia.org/wiki/File:Ivanhoe,_the_Norman_Swordsman_poster.JPG",44
45309,MoviePosterDB.com,https://en.wikipedia.org/wiki/File:Passione2010Poster.jpg,44
45312,IMDb,https://en.wikipedia.org/wiki/File:F_(film)_poster.jpg,44
45314,Movie Company,https://en.wikipedia.org/wiki/File:WahDoDem-Poster.jpg,44
45330,Movie Company,https://en.wikipedia.org/wiki/File:Underthebombs.jpg,44
45355,Leo McCarey / Hal Roach Studios / Pathé Exchange,https://en.wikipedia.org/wiki/File:Why_girls_say_no_still1.jpg,32
45359,"Courtesy of Toho Company, © 1943.",https://en.wikipedia.org/wiki/File:Sugata_Sanshiro_poster.jpg,32
45360,Movie Company,https://en.wikipedia.org/wiki/File:Shubun_poster.jpg,32
45361,"Courtesy of Toho Company, © 1944.",https://en.wikipedia.org/wiki/File:Ichiban_utsukushiku_poster.jpg,32
45362,"Courtesy of Toho Company, © 1952.",https://en.wikipedia.org/wiki/File:Tora_no_o_wo_fumu_otokotachi_poster.jpg,32
45363,"Courtesy of Toho Company, © 1945.",https://en.wikipedia.org/wiki/File:Zoku_Sugata_Sanshiro_poster.jpg,32
45364,Movie Company,https://en.wikipedia.org/wiki/File:Shizukanaru_ketto_poster.jpg,32
45365,Movie Company,https://en.wikipedia.org/wiki/File:MADADAYO.JPG,44
45369,Movie Company,https://en.wikipedia.org/wiki/File:Call-cuckoo.gif,32
45370,Hal Roach Studios/MGM,https://en.wikipedia.org/wiki/File:Lobby_card_for_1928_silent_film_Pass_the_Gravy.jpg,32
45372,Clyde Bruckman,https://en.wikipedia.org/wiki/File:Love_em_and_feed_em_lc1.jpg,32
45381,Movie Company,https://en.wikipedia.org/wiki/File:Weak_Spot.jpg,44
45382,Movie Company,https://en.wikipedia.org/wiki/File:Conrad_Veidt_Indian_Priest.jpg,32
45383,Movie Company,https://en.wikipedia.org/wiki/File:Meshi_poster.jpg,32
45385,Movie Company,https://en.wikipedia.org/wiki/File:Obaltan_1961_Poster.jpg,44
45398,Movie Company,https://en.wikipedia.org/wiki/File:Poster_of_the_movie_Remember_My_Name.jpg,44
45399,Movie Company,https://en.wikipedia.org/wiki/File:Ask_any_girl_poster.jpg,44
45401,Movie Company,https://en.wikipedia.org/wiki/File:Girl_Who_Had_Everything.jpg,44
45402,Metro-Goldwyn-Mayer,https://en.wikipedia.org/wiki/File:Cool_Breeze_Film_Poster.jpg,44
45405,Movie Company,https://en.wikipedia.org/wiki/File:Sour_Grapes_1998_poster.jpg,44
45411,Movie Company,https://en.wikipedia.org/wiki/File:Freck_Langsam_Cover.jpeg,45
45436,Movie Company,https://en.wikipedia.org/wiki/File:Rent_boys_film_poster.jpg,44
45444,Movie Company,https://en.wikipedia.org/wiki/File:Mainslibres2.jpg,44
45492,Movieposterdb.com,https://en.wikipedia.org/wiki/File:The_Prize_FilmPoster.jpeg,44
45498,Movie Company,"https://en.wikipedia.org/wiki/File:Come_Rain,_Come_Shine.jpg",44
45510,IMDb,https://en.wikipedia.org/wiki/File:The_Sex_of_Angels.jpg,44
45514,Collection of the director,https://en.wikipedia.org/wiki/File:THE_LAST_HORROR_FILM-Key_Art_(Large).JPG,44
45521,Movie Company,https://en.wikipedia.org/wiki/File:MonsterInTheClosetDVD.jpg,45
45555,Movie Company,https://en.wikipedia.org/wiki/File:Steeldawn.jpg,44
45652,Movie Company,https://en.wikipedia.org/wiki/File:The_Life_Of_Oharu.0-15-42.848.jpg,32
45656,Movie Company,https://en.wikipedia.org/wiki/File:The-matthew-shepard-story-film.jpg,44
45660,Movie Company,https://en.wikipedia.org/wiki/File:Pigsty_(film).jpg,44
45729,Martin E. Caan/ Live Entertainment,https://en.wikipedia.org/wiki/File:Pentathlon.Cinemaposter.jpg,44
45737,Movie Company,https://en.wikipedia.org/wiki/File:Heaven%27s_Story.jpg,44
45743,Movie Company,https://en.wikipedia.org/wiki/File:The_Royal_Waltz_(1935_film).jpg,44
45747,Impawards,https://en.wikipedia.org/wiki/File:Chocolatposter1988.jpg,44
45758,Movie Company,https://en.wikipedia.org/wiki/File:Aupaircover.jpg,45
45767,Movie Company,https://en.wikipedia.org/wiki/File:SummerLovers.jpg,44
45768,Movie Company,https://en.wikipedia.org/wiki/File:De_Gulle_Minnaar.jpg,44
45770,Movie Company,https://en.wikipedia.org/wiki/File:Film_poster_De_Schippers_van_de_Kameleon.jpg,44
45780,IMDb,https://en.wikipedia.org/wiki/File:Gladiator1992.jpg,44
45803,Movie Company,https://en.wikipedia.org/wiki/File:Madbastardsposter.jpg,44
45805,Bluemark Films (produced the film),https://en.wikipedia.org/wiki/File:COLLAPSE_poster_wikipedia.jpg,44
45828,Shoreline Entertainment,https://en.wikipedia.org/wiki/File:The_Forbidden_Girl_film_poster_2013_film.jpg,44
45838,Movie Company,https://en.wikipedia.org/wiki/File:Wise-guys-french-poster.jpg,44
45840,Source:www.cinenacional.com,https://en.wikipedia.org/wiki/File:ElAmorprimerparte.jpg,44
45846,Official film poster,https://en.wikipedia.org/wiki/File:Anna_Pavlova_1983.jpg,44
45859,Movieposterdb.com,https://en.wikipedia.org/wiki/File:The_Cup_FilmPoster.jpeg,44
45862,Official Facebook page,https://en.wikipedia.org/wiki/File:Courageous_Cover.JPG,45
45865,Movie Company,https://en.wikipedia.org/wiki/File:Blacktulip.jpg,44
45866,IMP Awards,https://en.wikipedia.org/wiki/File:Born_to_Be_a_Star_Poster.jpg,44
45869,Movie Company,https://en.wikipedia.org/wiki/File:Mangal_Pandey_movie_poster.jpg,44
45870,Movie Company,https://en.wikipedia.org/wiki/File:Georgia-renny-harlin.jpg,44
45875,Movie Company,https://en.wikipedia.org/wiki/File:Eyeofthestormrampling.jpg,44
45879,Nu Image / Millennium Films,https://en.wikipedia.org/wiki/File:BridgeofDragons1999.poster.jpg,44
45935,MoviePosterDB.com,https://en.wikipedia.org/wiki/File:Mesrine_1984_poster.jpg,44
45937,Movie Company,https://en.wikipedia.org/wiki/File:A_Nymphoid_Barbarian_in_Dinosaur_Hell_(1990)_poster.jpg,44
45938,Movie Company,https://en.wikipedia.org/wiki/File:Manoleteposter.jpg,44
45939,Movie Company,https://en.wikipedia.org/wiki/File:En_la_puta_vida.jpg,44
45942,Movie Company,https://en.wikipedia.org/wiki/File:Borderline_2002.jpg,44
45945,Yash Raj Films,https://en.wikipedia.org/wiki/File:Thoda_Pyaar_Thoda_Magic_Movie_Poster.jpg,44
45946,lindsaylohan (original uploader),https://en.wikipedia.org/wiki/File:Swarmed_poster.jpg,44
45951,Movie Company,https://en.wikipedia.org/wiki/File:YaSonra.jpg,44
45970,movie dvd cover,https://en.wikipedia.org/wiki/File:The_Best_and_the_Brightest.gif,45
45985,Movie Company,https://en.wikipedia.org/wiki/File:The_Ceremony_(1963_film)_poster.jpg,44
45991,Movie Company,https://en.wikipedia.org/wiki/File:Poster_of_the_movie_The_Little_Drummer_Girl.jpg,44
46004,Movie Company,https://en.wikipedia.org/wiki/File:Duane_hopwood.jpg,44
46006,Movie Company,https://en.wikipedia.org/wiki/File:Operation_Sleeping_Bag.jpg,44
46007,Movie Company,https://en.wikipedia.org/wiki/File:Buddy_(1997_movie_poster).jpg,44
46038,Movie Company,https://en.wikipedia.org/wiki/File:Cup_Final_(film).jpg,44
46039,Movie Company,https://en.wikipedia.org/wiki/File:Agfa_Poster.jpg,44
46056,Impawards.com,https://en.wikipedia.org/wiki/File:Spinning_into_butter.jpg,44
46079,Movieposterdb.com,https://en.wikipedia.org/wiki/File:How_to_Die_in_Oregon_FilmPoster.jpeg,44
46091,Movie Company,https://en.wikipedia.org/wiki/File:I_melt_with_you.jpg,44
46168,Intermedia (production company),https://en.wikipedia.org/wiki/File:DaysOfEclipse-1988.jpg,44
46195,Movie Company,https://en.wikipedia.org/wiki/File:Living_It_Up_(1966_film).jpg,44
46199,Movie Company,https://en.wikipedia.org/wiki/File:Tricheurs_(1958).jpg,44
46200,Movie Company,https://en.wikipedia.org/wiki/File:Bloodsucking_Freaks_Movie_Poster.jpg,44
46248,Movieposterdb.com,https://en.wikipedia.org/wiki/File:The_Only_Son_FilmPoster.jpeg,44
46254,Movie Company,https://en.wikipedia.org/wiki/File:Il_Marchese_del_Grillo.jpg,44
46273,Movie Company,https://en.wikipedia.org/wiki/File:Vampire2011IwaiFilmPoster.jpg,44
46282,Movie Company,https://en.wikipedia.org/wiki/File:Black_Market_of_Love.jpg,44
46291,Movie Company,https://en.wikipedia.org/wiki/File:Brothers_and_sisters_of_the_toda_family.jpg,45
46319,Movie Company,https://en.wikipedia.org/wiki/File:Ali_Baba_and_the_Seven_Saracens.jpg,44
46321,Movie Company,https://en.wikipedia.org/wiki/File:Raging_Sharks.jpg,45
46326,Movie Company,https://en.wikipedia.org/wiki/File:Wild_in_the_streets_dvd_cover.jpg,44
46337,Movie Company,https://en.wikipedia.org/wiki/File:Infrasexum_(1969)_poster.jpg,44
46387,Movie Company,https://en.wikipedia.org/wiki/File:Guitars_of_Love.jpg,44
46390,Movie Company,https://en.wikipedia.org/wiki/File:Kuroi_kawa_poster.jpg,32
46403,Movie Company,https://en.wikipedia.org/wiki/File:Popstar_dvd.jpg,45
46404,Movie Company,https://en.wikipedia.org/wiki/File:Idlewild_poster.jpg,44
46405,Movie Company,https://en.wikipedia.org/wiki/File:The_Garbage_Picking_Field_Goal_Kicking_Philadelphia_Phenomenon.jpg,44
46407,MoviePosterDB.com,https://en.wikipedia.org/wiki/File:Amnesty2011Poster.jpg,44
46425,Movie Company,https://en.wikipedia.org/wiki/File:The_Mad_Aunts_Strike_Out.jpg,44
46428,Movie Company,"https://en.wikipedia.org/wiki/File:The_House_of_1,000_Dolls.jpg",44
46497,Movie Company,https://en.wikipedia.org/wiki/File:Harpoon_(1948_film).jpg,44
46498,Universal Pictures,"https://en.wikipedia.org/wiki/File:Curucu,_Beast_of_the_Amazon.jpg",44
46578,Movie Company,https://en.wikipedia.org/wiki/File:T%C3%A4towierung.jpg,44
46617,Scan,https://en.wikipedia.org/wiki/File:Never_Sleep_Again_-_The_Elm_Street_Legacy_(poster).png,44
46637,Movie Company,https://en.wikipedia.org/wiki/File:Madame_Claude.jpg,44
46638,Movie Company,https://en.wikipedia.org/wiki/File:Sawako-decides-poster.jpg,44
46646,IMDB,https://en.wikipedia.org/wiki/File:Familiar_Grounds_film_poster.jpg,44
46648,Movie Company,https://en.wikipedia.org/wiki/File:Lussuria_-_Film_1986.jpg,44
46654,Movieposterdb.com,https://en.wikipedia.org/wiki/File:The_Intruder_FilmPoster.jpeg,44
46732,Movieposterdb.com,https://en.wikipedia.org/wiki/File:Sing_Your_Song_FilmPoster.jpeg,44
46733,Movie Company,https://en.wikipedia.org/wiki/File:The_Salt_of_Life_poster.jpg,44
46738,Amazon.co.uk,https://en.wikipedia.org/wiki/File:Iron_Eagle_on_the_Attack.jpg,45
46739,Movie Company,https://en.wikipedia.org/wiki/File:Aftershock_DVD_Cover.jpg,45
46740,Movie Company,https://en.wikipedia.org/wiki/File:Martial_law_1991_poster.jpg,44
46800,Movie Company,https://en.wikipedia.org/wiki/File:Teen_wolf_too.jpg,44
46837,Olka Osadzińska / STUDIO FILMOWE KADR,"https://en.wikipedia.org/wiki/File:Suicide_room,_official_poster.jpg",44
46869,Movie Company,https://en.wikipedia.org/wiki/File:After_Dusk_They_Come.jpg,45
46872,Movie Company,https://en.wikipedia.org/wiki/File:Atlas_Shrugged_film_poster.jpg,44
46912,Movie Company,https://en.wikipedia.org/wiki/File:The_Great_Ecstasy_of_Woodcarver_Steiner.png,44
46915,Movie Company,https://en.wikipedia.org/wiki/File:Wtb_Paju_english.jpg,44
47022,Movie Company,https://en.wikipedia.org/wiki/File:Martial-law-ii-undercover-movie-poster-1992-1020211861.jpg,44
47064,Movie Company,https://en.wikipedia.org/wiki/File:Boccaccio_enrico_montesano_bruno_corbucci_010_jpg_bhyv.jpg,44
47071,British Lion Film Corporation,https://en.wikipedia.org/wiki/File:In_Which_We_Serve_poster.jpg,44
47076,Movie Company,https://en.wikipedia.org/wiki/File:Poster_-_You_Were_Never_Lovelier_01.jpg,44
47078,MGM,https://en.wikipedia.org/wiki/File:Crawford_gable_astaire_dancinglady_poster.jpg,32
47131,the film producers/distributors,https://en.wikipedia.org/wiki/File:Crocodile_video_cover.jpg,45
47152,Movie Company,https://en.wikipedia.org/wiki/File:Dust_in_the_wind(1986_film)_poster.jpg,44
47164,MoviePosterDB.com,https://en.wikipedia.org/wiki/File:ComoEsquecer2010Poster.jpg,44
47181,Movie Company,"https://en.wikipedia.org/wiki/File:Come_to_Vienna,_I%27ll_Show_You_Something!.jpg",44
47203,Movie Company,https://en.wikipedia.org/wiki/File:DrySummer.jpg,44
47204,Movie Company,https://en.wikipedia.org/wiki/File:Mysterious_Object_DVD_cover.jpg,45
47207,Movie Company,https://en.wikipedia.org/wiki/File:Bestofthebest2.jpg,44
47208,Seasonal Film Corporation,https://en.wikipedia.org/wiki/File:The_King_of_the_Kickboxers_(1990)_Film_Poster.jpg,44
47239,Movie Company,https://en.wikipedia.org/wiki/File:Tail_To_The_Chief.jpg,45
47241,MoviePosterDB.com,https://en.wikipedia.org/wiki/File:Kid_in_king_arthurs_court_poster.jpg,44
47267,Movie Company,https://en.wikipedia.org/wiki/File:Different_from_Whom-703251203-large.jpg,44
47310,Movie Company,https://en.wikipedia.org/wiki/File:Dracula-3D-poster.jpg,44
47354,Movie Company,https://en.wikipedia.org/wiki/File:The-astro-zombies-movie-poster-md.jpg,44
47359,Daniel Fridell,https://en.wikipedia.org/wiki/File:Beneath_the_Surface_(1997_film).jpg,44
47360,Movie Company,https://en.wikipedia.org/wiki/File:TheMasterPoster.jpg,44
47362,China Star Entertainment Group,https://en.wikipedia.org/wiki/File:Election2HK.jpg,44
47369,Movie Poster Database,https://en.wikipedia.org/wiki/File:Marie-Antoinette-Poster-1938.jpg,44
47370,Movie Company,https://en.wikipedia.org/wiki/File:Jetsons_the_movie.jpg,44
47373,Movie Company,https://en.wikipedia.org/wiki/File:Opera_Ball_(1939_film).jpg,44
47389,BBC TV,https://en.wikipedia.org/wiki/File:The_Tenant_of_Wildfell_Hall_(1996_TV_series).jpg,44
47390,Moviegoods.com,https://en.wikipedia.org/wiki/File:Jocksposter87.jpg,44
47410,Movie Company,https://en.wikipedia.org/wiki/File:Born-again-movie-poster-1978.jpg,44
47412,Movie Company,https://en.wikipedia.org/wiki/File:Force_Five.jpg,44
47477,Movie Company,https://en.wikipedia.org/wiki/File:%22Postman%27s_Knock%22_(1962).jpg,44
47480,Full Moon Features,https://en.wikipedia.org/wiki/File:The_Killer_Eye.jpg,44
47493,IMPAwards.com,https://en.wikipedia.org/wiki/File:Trip_poster.jpg,44
47494,IMP Awards,https://en.wikipedia.org/wiki/File:Shifty_poster.jpg,44
47497,Impawards,https://en.wikipedia.org/wiki/File:Deep_water_poster.jpg,44
47526,Movie Company,"https://en.wikipedia.org/wiki/File:Dance_of_the_Wind,_1997,_DVD.jpg",44
47531,Movie Company,https://en.wikipedia.org/wiki/File:Red-sands-2009_poster.jpg,45
47569,Movie Company,https://en.wikipedia.org/wiki/File:Shorttimeposter.jpg,44
47579,Movie Company,"https://en.wikipedia.org/wiki/File:Madagascar,_a_Journey_Diary.jpg",44
47581,Movie Company,https://en.wikipedia.org/wiki/File:Let%27s_Pollute_poster.jpg,44
47587,Movie Company,https://en.wikipedia.org/wiki/File:Welcomehardtimes.jpg,44
47588,Movie Company,https://en.wikipedia.org/wiki/File:Combacpos.jpg,44
47591,Movie Company,https://en.wikipedia.org/wiki/File:SubUrbia_film_poster.jpg,44
47602,Movie Company,https://en.wikipedia.org/wiki/File:The_Deerslayer_poster.jpg,44
47606,digitalplayground.com,https://en.wikipedia.org/wiki/File:Pirates2_DVD_cover.jpg,45
47616,Movie Company,https://en.wikipedia.org/wiki/File:Mountain_Crystal_(film).jpg,44
47617,Movie Company,https://en.wikipedia.org/wiki/File:Fear_in_the_Night_poster.jpg,44
47637,"Eichberg-Film, Federiz, Franco London Films","https://en.wikipedia.org/wiki/File:Me_and_the_Forty_Year_Old_Man,_Moi_et_les_hommes_de_40_ans_1965_Movie_Poster.jpg",44
47678,Movie Company,https://en.wikipedia.org/wiki/File:Poster_of_the_movie_Scott_Walker-_30_Century_Man.jpg,44
47682,Head Gear Films and UK Film Council,https://en.wikipedia.org/wiki/File:TrishnaPoster.jpg,44
47696,Movie Company,https://en.wikipedia.org/wiki/File:Invisible_2011_poster.jpg,44
47727,Movie Company,https://en.wikipedia.org/wiki/File:The_Absent_poster.jpg,44
47740,Movie Company,https://en.wikipedia.org/wiki/File:When_a_Killer_Calls.jpg,45
47791,MoviePosterDB.com,https://en.wikipedia.org/wiki/File:WhiteIrishDrinkers2010Poster.jpg,44
47799,Impawards,https://en.wikipedia.org/wiki/File:Blackeagleposter.jpg,44
47803,Movie Company,https://en.wikipedia.org/wiki/File:The-Bodyguard-from-Beijing.jpg,44
47804,IMDb,https://en.wikipedia.org/wiki/File:Handgun_(film).jpg,44
47820,Movie Company,https://en.wikipedia.org/wiki/File:Sun_Come_Up_(film_poster).jpg,44
47824,Movie Company,https://en.wikipedia.org/wiki/File:Once_a_Thief_1965.jpg,44
47831,Movie Company,https://en.wikipedia.org/wiki/File:Bad_Man%27s_River.jpg,45
47832,IMDb,https://en.wikipedia.org/wiki/File:Morons_from_Outer_Space.jpg,44
47834,Metro-Goldwyn-Mayer,https://en.wikipedia.org/wiki/File:Red-Dust-1932-film-poster.jpg,32
47837,The Movie Network (TMN),https://en.wikipedia.org/wiki/File:Twists_of_Terror_Film_Cover_1997.png,45
47885,Movieposterdb.com,https://en.wikipedia.org/wiki/File:Hotel_Paradiso_FilmPoster.jpeg,44
47892,Movie Company,https://en.wikipedia.org/wiki/File:Port_of_New_York_(film)_poster.jpg,44
47949,Movie Company,https://en.wikipedia.org/wiki/File:Restbrpos.jpg,44
47955,Disney Channel,https://en.wikipedia.org/wiki/File:AvalonHighPoster.jpg,44
47961,Movie Company,https://en.wikipedia.org/wiki/File:Paperback_Hero.jpg,45
47962,Filmforum.org,https://en.wikipedia.org/wiki/File:Wendigopost.jpg,44
47974,Movieposterdb.com,https://en.wikipedia.org/wiki/File:Our_Time_FilmPoster.jpeg,44
47975,Movieposterdb.com,https://en.wikipedia.org/wiki/File:In_Love_and_War_FilmPoster.jpeg,44
48004,Movie Company,https://en.wikipedia.org/wiki/File:Attention_enfants_regardent_(1978).jpg,44
48018,Movie Company,https://en.wikipedia.org/wiki/File:The_French_Atlantic_Affair.jpg,44
48019,Movie Company,https://en.wikipedia.org/wiki/File:Claingpos.jpg,44
48030,Movie Company,https://en.wikipedia.org/wiki/File:Exposed_(movie_poser).jpg,44
48038,Joe D'Amato,https://en.wikipedia.org/wiki/File:Emanuelle_nera_-_Orient_Reportage.JPG,32
48073,Movie Company,https://en.wikipedia.org/wiki/File:Marvin_gardens_moviep.jpg,44
48077,Movieposterdb.com,https://en.wikipedia.org/wiki/File:Baxter!_FilmPoster.jpeg,44
48078,Movie Company,https://en.wikipedia.org/wiki/File:The_Cimarron_Kid.jpg,45
48079,Movie Company,https://en.wikipedia.org/wiki/File:Rocimpos.jpg,44
48081,Movieposterdb.com,https://en.wikipedia.org/wiki/File:Missing_Link_FilmPoster.jpeg,44
48089,Impawards,https://en.wikipedia.org/wiki/File:Miracles1986post.jpg,44
48091,Movie Company,https://en.wikipedia.org/wiki/File:Strange_invaders.jpg,44
48096,Movie Company,https://en.wikipedia.org/wiki/File:The_Tigers_of_Mompracem_(film).jpg,44
48101,Movieposterdb.com,https://en.wikipedia.org/wiki/File:Blood_on_the_Arrow_FilmPoster.jpeg,44
48122,cartelesdecine.com,https://en.wikipedia.org/wiki/File:Der_Einstein_des_Sex.jpg,44
48126,The poster art can or could be obtained from IMDb,https://en.wikipedia.org/wiki/File:TheSpinefilm.jpg,45
48127,Movie Company,https://en.wikipedia.org/wiki/File:Culastriscenobileveneziano.jpg,44
48129,Movie Company,https://en.wikipedia.org/wiki/File:Cold_Steel_film_poster.jpg,44
48130,MoviePosterDB.com,https://en.wikipedia.org/wiki/File:Wakingthedead.jpg,44
48131,Internet Movie Database,https://en.wikipedia.org/wiki/File:Betrayal-2003.JPG,45
48132,Movie Company,https://en.wikipedia.org/wiki/File:TheCatcherSlasher.jpg,45
48133,Movie Company,https://en.wikipedia.org/wiki/File:Storm_Catcher.jpg,44
48135,Movie Company,https://en.wikipedia.org/wiki/File:Steptoe-and-son-film.jpg,44
48149,Movie Company,https://en.wikipedia.org/wiki/File:Hawaiian_Vacation_poster.jpg,44
48161,Movie Company,https://en.wikipedia.org/wiki/File:Spirits_of_the_Air_Gremlins_of_the_Clouds.jpg,44
48175,Movie Company,https://en.wikipedia.org/wiki/File:Death_Force_(1978)_poster.jpg,44
48176,Movie Company,https://en.wikipedia.org/wiki/File:The_Greatest_Battle.jpg,45
48185,Movie Company,https://en.wikipedia.org/wiki/File:Prudance_and_the_pill.jpeg,44
48190,Process Media,https://en.wikipedia.org/wiki/File:Angels_Crest_2011_Poster.jpg,44
48195,MoviePosterDB.com,https://en.wikipedia.org/wiki/File:BlackButterflies2011Poster.jpg,44
48199,Movie Company,https://en.wikipedia.org/wiki/File:Cairo_Exit.jpg,44
48206,Hopscotch Pictures,https://en.wikipedia.org/wiki/File:Jesus_Henry_Christ.jpg,44
48219,Movie Company,https://en.wikipedia.org/wiki/File:The_Last_Rites_of_Joe_May_poster.jpg,44
48222,Movie Company,https://en.wikipedia.org/wiki/File:She-Monkeys-poster.png,44
48231,Movie Company,https://en.wikipedia.org/wiki/File:BraveStarr_The_Movie_DVD_cover.jpg,45
48240,Movie Company,https://en.wikipedia.org/wiki/File:Those_Dirty_Dogs.jpg,44
48241,Movie Company,https://en.wikipedia.org/wiki/File:Jimmy_Rivi%C3%A8re_poster.jpg,44
48255,Movie Company,https://en.wikipedia.org/wiki/File:Night_of_Dark_Shadows_(1971).jpg,44
48263,Paramount Pictures,https://en.wikipedia.org/wiki/File:The-Great-Gatsby-Poster-C10126101.jpeg,44
48264,MGM,https://en.wikipedia.org/wiki/File:The_Great_Sinner_poster.jpg,44
48267,Scan of eBay poster,https://en.wikipedia.org/wiki/File:Flamsta2.jpg,44
48269,Movie Company,https://en.wikipedia.org/wiki/File:Art_History_poster.jpg,44
48271,Studio / Graphic Artist,https://en.wikipedia.org/wiki/File:Silver_Bullets_2011_Poster.jpg,44
48285,Movie Company,https://en.wikipedia.org/wiki/File:The_Last_Godfather_poster.jpg,44
48290,XYZ Films,https://en.wikipedia.org/wiki/File:Errors_of_the_Human_Body.jpg,44
48304,Movie Company,https://en.wikipedia.org/wiki/File:Shoot_Twice.jpg,44
48335,Movie Company,https://en.wikipedia.org/wiki/File:TooRichSecretLif_large.jpg,44
48340,www.moviepostershop.com,https://en.wikipedia.org/wiki/File:GirlHappyElvisP.JPG,44
48341,Movieposterdb.com,https://en.wikipedia.org/wiki/File:Dirty_Dingus_Magee_FilmPoster.jpeg,44
48409,Movie Company,https://en.wikipedia.org/wiki/File:Where_the_River_Runs_Black.jpg,44
48417,Movie Company,https://en.wikipedia.org/wiki/File:The_Elevator_(1974_film).jpg,44
48420,Movie Company,https://en.wikipedia.org/wiki/File:Steptoe-and-son-ride-again.jpg,44
48421,Movie Company,https://en.wikipedia.org/wiki/File:Captive-in-the-Land.jpg,44
48425,Movie Company,https://en.wikipedia.org/wiki/File:Family_of_Cops.jpg,44
48427,Movie Company,https://en.wikipedia.org/wiki/File:Family_Album_DVD_cover.jpg,45
48429,Movie Company,https://en.wikipedia.org/wiki/File:Starcrash_1979_film_poster.jpg,44
48437,20th Century Fox,https://en.wikipedia.org/wiki/File:WaitingExhale.jpg,44
48441,Movie Company,https://en.wikipedia.org/wiki/File:Toys_in_the_attic.jpg,44
48443,Movie Company,https://en.wikipedia.org/wiki/File:TheLastVoyagePoster.jpg,44
48446,Movie Company,https://en.wikipedia.org/wiki/File:Breach_of_Faith-_A_Family_of_Cops_2_poster.jpg,44
48449,Movie Company,https://en.wikipedia.org/wiki/File:Pancho_Barnes_(1988_film).jpg,44
48454,Movie Company,https://en.wikipedia.org/wiki/File:Curse-of-the-puppet-master-movie-poster-md.jpg,44
48459,Movieposterdb.com,https://en.wikipedia.org/wiki/File:Company_Man_FilmPoster.jpeg,44
48470,Movieposterdb.com,https://en.wikipedia.org/wiki/File:One_Is_a_Lonely_Number_FilmPoster.jpeg,44
48471,Movie Company,https://en.wikipedia.org/wiki/File:DVD_cover_of_the_movie_The_Killer_Inside_Me.jpg,45
48478,Movie Company,https://en.wikipedia.org/wiki/File:The_Best_of_Benny_Hill_cover.jpg,45
48482,Movieposterdb.com,https://en.wikipedia.org/wiki/File:Hollywood_Man_FilmPoster.jpeg,44
48486,Movie Company,https://en.wikipedia.org/wiki/File:Why_Would_I_Lie.jpg,44
48493,Movieposterdb.com,https://en.wikipedia.org/wiki/File:The_Americano_FilmPoster.jpeg,44
48496,Warner Bros. Pictures,https://en.wikipedia.org/wiki/File:G_men_poster.jpg,44
48499,RKO Radio Pictures,https://en.wikipedia.org/wiki/File:Holidayaffair1949.jpg,44
48502,Movie Company,https://en.wikipedia.org/wiki/File:TanRepentePoster.jpg,44
48503,Movie Company,https://en.wikipedia.org/wiki/File:Three_Strangers_poster.jpg,44
48505,Movie Company,https://en.wikipedia.org/wiki/File:Theywon%27tbelieveme.jpg,44
48560,Movie Company,https://en.wikipedia.org/wiki/File:Perfect_friday.jpg,44
48562,Movieposterdb.com,https://en.wikipedia.org/wiki/File:Phantom_Below_FilmPoster.jpeg,44
48567,Anglo-EMI,https://en.wikipedia.org/wiki/File:Henry_VIII_and_His_Six_Wives_poster.jpg,44
48575,Movie Company,https://en.wikipedia.org/wiki/File:Young_Dillinger.jpg,44
48576,Warner Bros.,https://en.wikipedia.org/wiki/File:Palm_Springs_Weekend.jpg,44
48577,Movie Company,https://en.wikipedia.org/wiki/File:Women_of_Devil%27s_Island_Prigionieredellisoladeldiavolo.jpg,44
48580,Movie Company,https://en.wikipedia.org/wiki/File:The_Cell_2.png,44
48581,Movie Company,https://en.wikipedia.org/wiki/File:Loose_Screws.jpg,44
48632,Movie Company,https://en.wikipedia.org/wiki/File:Gladiator_of_Rome_AKA_Battles_of_the_Gladiators-781046634-large.jpg,44
48635,Movie Company,https://en.wikipedia.org/wiki/File:Poster_of_Riverworld_(2010_film).jpg,44
48676,Movie Company,https://en.wikipedia.org/wiki/File:Sabrinatheteenagewitchmovie.jpg,45
48730,Movie Company,https://en.wikipedia.org/wiki/File:Werner_Herzog_Eats_His_Shoe.jpg,44
48733,Anan,https://en.wikipedia.org/wiki/File:Dottoressa_colonnella.jpg,45
48783,Filmbyen.no,https://en.wikipedia.org/wiki/File:Izzat_(2005_movie_poster).jpg,44
48813,Movie Company,https://en.wikipedia.org/wiki/File:Gold_of_the_Seven_Saints_poster.jpg,44
48815,Movie Company,https://en.wikipedia.org/wiki/File:More_Dead_Than_Alive_poster.jpg,44
48842,Movie Company,https://en.wikipedia.org/wiki/File:Thesunalsorises.jpg,44
48856,Associated Film Distribution,https://en.wikipedia.org/wiki/File:Cantstopthemusic.JPG,44
48857,MGM,https://en.wikipedia.org/wiki/File:ThisCouldBetheNightCover.jpg,44
48858,Amazon.com,https://en.wikipedia.org/wiki/File:LatheOfHeaven.v.1980DVD.jpg,45
48861,Movie Company,https://en.wikipedia.org/wiki/File:Alice_Upside_Down.jpg,44
48862,Amazon.com,https://en.wikipedia.org/wiki/File:Blue_Ice_VideoCover.jpeg,45
48865,Movie Company,https://en.wikipedia.org/wiki/File:Le-orme-italian-movie-poster-md.jpg,44
48868,Movie Company,https://en.wikipedia.org/wiki/File:Little_Cigars.jpg,44
48869,Movie Company,https://en.wikipedia.org/wiki/File:Waltzesfromviennapic.gif,44
48884,Movie Company,https://en.wikipedia.org/wiki/File:SuperSweet16DVD.jpg,45
48887,Movie Company,https://en.wikipedia.org/wiki/File:Storm_cover_film_1987.jpg,44
48895,Movie Company,https://en.wikipedia.org/wiki/File:Fright-poster.jpg,44
48930,Google image,https://en.wikipedia.org/wiki/File:Hell_Up_in_Harlem_Poster.JPG,44
48934,Shochiku,https://en.wikipedia.org/wiki/File:When_the_Last_Sword_Is_Drawn.jpg,44
48936,Movieposterdb.com,https://en.wikipedia.org/wiki/File:Popcorn_FilmPoster.jpeg,44
48940,Lionsgate Films,"https://en.wikipedia.org/wiki/File:Toolbox_Murders,_2004_poster.jpg",44
48942,Movie Company,https://en.wikipedia.org/wiki/File:The_Big_Game_(1973_film).jpg,44
48947,Movie Company,https://en.wikipedia.org/wiki/File:FaceEvil.jpg,45
48949,Walt Disney Pictures,"https://en.wikipedia.org/wiki/File:Whispers,_An_Elephant%27s_Tale_(2000)_Film_Poster.jpg",44
48950,Movie Company,https://en.wikipedia.org/wiki/File:PIIJTANW.jpg,45
48959,Movie Company,https://en.wikipedia.org/wiki/File:El-superbeasto-trailer-icecream.jpg,45
48967,Google image,https://en.wikipedia.org/wiki/File:Friday_Foster_Poster.jpg,44
48969,Movie Company,https://en.wikipedia.org/wiki/File:Honeymoon_Machine_1961.jpg,32
48971,Movieposterdb.com,https://en.wikipedia.org/wiki/File:The_Crash_FilmPoster.jpeg,44
48972,Movie Company,https://en.wikipedia.org/wiki/File:The_Mine_Foreman_(film).jpg,44
48973,Movie Company,https://en.wikipedia.org/wiki/File:The_First_Kiss_(1954_film).jpg,44
48974,Movie Company,https://en.wikipedia.org/wiki/File:Das_Versprechen.jpg,44
48986,Movie Company,https://en.wikipedia.org/wiki/File:Mathias_Sandorf_(1963_film).jpg,44
49000,Movie Company,https://en.wikipedia.org/wiki/File:Zwei_frauen.jpg,44
49052,Twentieth Century Fox Film Corporation,https://en.wikipedia.org/wiki/File:The_Lion_movie_poster_1962.jpg,44
49053,Movie Company,https://en.wikipedia.org/wiki/File:Johnny-oro-poster.jpg,44
49058,Movie Company,https://en.wikipedia.org/wiki/File:Neuf_mois.jpg,44
49060,Movie Company,https://en.wikipedia.org/wiki/File:L-argent_des_autres.jpg,44
49063,Movie Company,https://en.wikipedia.org/wiki/File:Bluecollarposter.jpg,44
49065,Movie Company,https://en.wikipedia.org/wiki/File:La_Banda_J.S._Cronaca_criminale_del_Far_West.jpg,44
49092,Movie Company,https://en.wikipedia.org/wiki/File:The_Outcast_(1954_film).jpg,44
49102,Movie Company,https://en.wikipedia.org/wiki/File:Thephantomplanet.jpg,44
49105,Hollywood Vista Continental Theatre,https://en.wikipedia.org/wiki/File:WorldsGreatestSinnerPoster.png,44
49124,Movie Company,https://en.wikipedia.org/wiki/File:Western_(film).jpg,44
49125,Imageworks Entertainment,https://en.wikipedia.org/wiki/File:Planedead.jpg,44
49129,Movieposterdb.com,https://en.wikipedia.org/wiki/File:I_Accuse!_FilmPoster.jpeg,44
49134,Movie Company,https://en.wikipedia.org/wiki/File:Roadgames.jpg,44
49136,www.moviepostersetc.com,https://en.wikipedia.org/wiki/File:Midnight_Ride_(film).jpg,45
49144,Movie Company,https://en.wikipedia.org/wiki/File:Grim_Prairie_Tales.jpg,44
49151,Movie Company,https://en.wikipedia.org/wiki/File:Second_Thoughts_poster.jpg,44
49171,Movie Company,https://en.wikipedia.org/wiki/File:The_Fraulein_and_the_Sandman_poster.jpg,44
49225,The Rank Organisation,https://en.wikipedia.org/wiki/File:The_Love_Lottery_UK_1954_poster.jpg,44
49228,MGM,https://en.wikipedia.org/wiki/File:Easy_to_Love_(film).jpg,44
49231,World Wide Film Distributors,https://en.wikipedia.org/wiki/File:Miss_Leslie%27s_Dolls.jpg,44
49246,Movie Company,https://en.wikipedia.org/wiki/File:Car54film.jpg,44
49253,Movie Company,https://en.wikipedia.org/wiki/File:Texas-across-the-river-movie-poster-md.jpg,44
49254,Movie Company,https://en.wikipedia.org/wiki/File:Mr._Billion_(1977_Film).jpg,44
49256,Movie Company,https://en.wikipedia.org/wiki/File:The_Crude_Oasis_poster.jpg,44
49258,Movie Company,https://en.wikipedia.org/wiki/File:The_Saint_and_Her_Fool_(1957_film).jpg,44
49259,Movie Company,https://en.wikipedia.org/wiki/File:See_You_in_the_Morning.jpg,44
49260,Movie Company,https://en.wikipedia.org/wiki/File:%22Law_and_Disorder%22_(1958).jpg,44
49263,Movie Company,https://en.wikipedia.org/wiki/File:TheyMetinBombay.jpg,44
49269,Heritage Auctions,https://en.wikipedia.org/wiki/File:SATAN%27S_SLAVE.jpg,44
49288,Amazon.com,https://en.wikipedia.org/wiki/File:The_Park_Is_Mine_VideoCover.jpeg,45
49307,Movie Company,https://en.wikipedia.org/wiki/File:Bad_Men_of_Missouri_poster.jpg,44
49312,Movie Company,https://en.wikipedia.org/wiki/File:Follow_the_Boys_(1963_film).jpg,44
49323,Movie Company,https://en.wikipedia.org/wiki/File:CIA_Code_Name_Alexa.jpg,44
49356,Aljoscha Pause,https://en.wikipedia.org/wiki/File:Tom_meets_Zizou_%E2%80%93_Kein_Sommerm%C3%A4rchen.jpg,21
49397,Movie Company,https://en.wikipedia.org/wiki/File:The_Big_Bang_poster.jpg,44
49429,Movie Company,https://en.wikipedia.org/wiki/File:Ang%C3%A8le_et_Tony_poster.jpg,44
49434,Movie Company,https://en.wikipedia.org/wiki/File:Submerged_(DVD_cover).jpg,45
49459,Movie Company,https://en.wikipedia.org/wiki/File:Piazza_Fontana-_The_Italian_Conspiracy.jpg,44
49461,Moviepostershop.com,https://en.wikipedia.org/wiki/File:Judgment_in_berlin_poster.jpg,44
49500,Movie Company,https://en.wikipedia.org/wiki/File:The_Triangle_(film).jpg,44
49502,vebidoo,https://en.wikipedia.org/wiki/File:An-American-Affair-1997.jpg,44
49544,Movie Company,https://en.wikipedia.org/wiki/File:Umbrella_coup_film.jpg,44
49562,Mosfilm,https://en.wikipedia.org/wiki/File:Armavir_poster.jpg,44
49581,Movie Company,https://en.wikipedia.org/wiki/File:Princess_Arete_Film_Poster.jpg,44
49584,Created from physical media,https://en.wikipedia.org/wiki/File:Zenonposter.jpg,44
49591,Movie Company,https://en.wikipedia.org/wiki/File:Exodus_Fall.jpg,44
49657,Movie Company,https://en.wikipedia.org/wiki/File:On_the_Green_Meadow.jpg,44
49661,Movie Company,https://en.wikipedia.org/wiki/File:Viennese_Girls.jpg,44
49675,Movie Company,https://en.wikipedia.org/wiki/File:True_Blue_2001.jpg,44
49677,Warner Bros.,https://en.wikipedia.org/wiki/File:Zeppelin_(film).jpg,44
49729,indieWire,https://en.wikipedia.org/wiki/File:Believe_in_Me_1971_poster.jpg,44
49738,IMDB,https://en.wikipedia.org/wiki/File:Reckless1984.jpg,44
49743,Movie Company,https://en.wikipedia.org/wiki/File:TopSecretAffair.jpg,44
149199,Movie Company,https://en.wikipedia.org/wiki/File:Il_conte_Max_57.jpg,44
149208,Movie Company,https://en.wikipedia.org/wiki/File:Don%27t_Listen_poster.jpg,44
149222,Movie Company,https://en.wikipedia.org/wiki/File:Blooded_DVD_cover.jpg,45
149234,Rotten Tomatoes,https://en.wikipedia.org/wiki/File:Zero_Tolerance_film_poster.jpg,44
149237,Movie Company,https://en.wikipedia.org/wiki/File:The_Sweet_Life_of_Count_Bobby.jpg,44
149259,Bloody-Disgusting,https://en.wikipedia.org/wiki/File:Abattoir_film_poster.jpg,44
149268,Movie Company,https://en.wikipedia.org/wiki/File:1001_rabbit_tales.jpg,44
149269,Movie Company,https://en.wikipedia.org/wiki/File:Scooby-Doo!_Moon_Monster_Madness.jpg,45
149270,I got this image from a poster.,https://en.wikipedia.org/wiki/File:LA_GABBIANELLA_E_IL_GATTOposter.jpg,44
149271,Movie Company,https://en.wikipedia.org/wiki/File:Poster_sand_wars.jpg,44
149272,Movie Company,https://en.wikipedia.org/wiki/File:Jeopardy_film_movie_poster.jpg,44
149273,United Artists,https://en.wikipedia.org/wiki/File:Factsoflife1960.jpg,44
149274,Movie Company,https://en.wikipedia.org/wiki/File:I_Can_Quit_Whenever_I_Want-_Ad_Honorem.jpg,44
149275,Movie Company,https://en.wikipedia.org/wiki/File:Nothing-like-a-dame-british-movie-poster-md_(1).jpg,44
149277,Movie Company,https://en.wikipedia.org/wiki/File:Hidden_in_the_Woods_(2014_film)_poster.jpg,44
149332,Dark Sky Films,https://en.wikipedia.org/wiki/File:Level_16_(2018_film_poster).jpg,44
149363,Moviegoods.com,https://en.wikipedia.org/wiki/File:Maninaposter.jpg,44
149449,Amazon,https://en.wikipedia.org/wiki/File:CarolinaMoonDVD.jpg,45
149450,Movie Company,https://en.wikipedia.org/wiki/File:Big_trip.jpg,44
149575,Movie Company,https://en.wikipedia.org/wiki/File:Outlaw_Country_(2012_film).jpg,44
149578,Movie Company,https://en.wikipedia.org/wiki/File:The_Beast_(2019_film).jpg,44
149580,Employee(s) of RKO Radio Pictures,"https://en.wikipedia.org/wiki/File:Poster_-_Las_Vegas_Story,_The_01.jpg",32
149581,Movieposterdb.com,https://en.wikipedia.org/wiki/File:Everyday_People_FilmPoster.jpeg,44
149582,Movie Company,https://en.wikipedia.org/wiki/File:Big_Trouble_(1986_film).jpg,44
149583,Movie Company,https://en.wikipedia.org/wiki/File:St._Ives.jpg,44
149585,Obtained from Google Images.,https://en.wikipedia.org/wiki/File:Scooby_Doo_and_the_Witch%27s_Ghost.jpg,45
149643,Movie Company,https://en.wikipedia.org/wiki/File:Poster_of_the_movie_Sign_o%27_the_Times.jpg,44
149645,HanCinema,https://en.wikipedia.org/wiki/File:Red_Shoes_and_the_Seven_Dwarfs_poster.jpg,44
149733,Studio and or Graphic Artist,https://en.wikipedia.org/wiki/File:Semper_Fi_poster.jpg,44
149745,IMDB,https://en.wikipedia.org/wiki/File:Chris_the_Swiss.jpg,44
149746,Movie Company,https://en.wikipedia.org/wiki/File:Le_cave_se_rebiffe.jpg,44
149747,Movie Company,https://en.wikipedia.org/wiki/File:All_My_Sons_poster.jpg,44
149749,Movie Company,https://en.wikipedia.org/wiki/File:The_Upturned_Glass_film_poster.jpg,44
149754,Movie Company,https://en.wikipedia.org/wiki/File:Theundeadposter.jpg,44
149755,Movie Company,https://en.wikipedia.org/wiki/File:Grandi_magazzini.jpg,44
149758,Movie Company,https://en.wikipedia.org/wiki/File:Kings_2017_poster.jpg,44
149759,Movie Company,https://en.wikipedia.org/wiki/File:The_Uncanny.jpg,44
149760,Movie Company,https://en.wikipedia.org/wiki/File:Poster_of_the_movie_Rock_Around_the_Clock.jpg,44
149762,Saban Films,https://en.wikipedia.org/wiki/File:Trading_Paint_poster.jpg,44
149765,Movieposter.com,https://en.wikipedia.org/wiki/File:Chairmanposter1969.jpg,44
149766,Movie Company,https://en.wikipedia.org/wiki/File:McCanickposter.jpg,44
149794,Movie Company,https://en.wikipedia.org/wiki/File:Dead_Rising_Endgame_poster.jpg,44
149795,"Brain Power Studio, HQ Marquee #3 Productions",https://en.wikipedia.org/wiki/File:Christmas_Wedding_Planner.jpg,44
149796,Impawards - Avalanche,https://en.wikipedia.org/wiki/File:Avalanche1978_poster.jpg,44
149798,Movie Company,https://en.wikipedia.org/wiki/File:Drowning_Ghost_(film).jpg,44
149799,Movie Company,https://en.wikipedia.org/wiki/File:Lost_Horizon_(1973_film).jpg,44
149801,Movie Company,https://en.wikipedia.org/wiki/File:Dinner_with_Friends_(film).jpg,44
149802,Movie Company,https://en.wikipedia.org/wiki/File:Particles_(film).jpg,44
149806,Movie Company,https://en.wikipedia.org/wiki/File:Betibu_poster.jpg,44
149808,Movie Company,https://en.wikipedia.org/wiki/File:The_Stranger_2014_poster.jpg,44
149810,Movie Company,https://en.wikipedia.org/wiki/File:As_Long_as_You%27re_Near_Me.jpg,44
149821,Movie Company,https://en.wikipedia.org/wiki/File:Brotherhood_of_Blades_2_poster.jpeg,44
150034,Movie Company,https://en.wikipedia.org/wiki/File:Hirune_Hime_Shiranai_Watashi_no_Monogatari_poster.jpeg,44
150035,Movie Company,https://en.wikipedia.org/wiki/File:%D0%94%D1%83%D1%8D%D0%BB%D1%8F%D0%BD%D1%82_%D1%84%D0%B8%D0%BB%D1%8C%D0%BC.jpg,44
150144,Movie Company,https://en.wikipedia.org/wiki/File:Baciami_ancora.jpg,44
150145,Movie Company,https://en.wikipedia.org/wiki/File:Una_pistola_per_Ringo.jpg,44
150159,Movie Company,https://en.wikipedia.org/wiki/File:Gunsmokepos.jpg,44
150160,Movie Company,https://en.wikipedia.org/wiki/File:Colonel_Chabert-1994.jpg,44
150330,Movie Company,https://en.wikipedia.org/wiki/File:Scooby-Doo_and_WWE_Curse_of_the_Speed_Demon_cover.jpg,45
150336,Movie Company,https://en.wikipedia.org/wiki/File:La_Lettre_(1999_film).jpg,44
150343,Movie Company,https://en.wikipedia.org/wiki/File:What_Keeps_You_Alive.png,44
150372,Movie Company,https://en.wikipedia.org/wiki/File:Natural_Born_Pranksters.jpg,44
150389,Movie Company,https://en.wikipedia.org/wiki/File:Benjamin_(2018_British_film)_poster.jpg,44
150391,XLrator Media,https://en.wikipedia.org/wiki/File:Brawler_(film)_official_poster.jpg,44
150392,Movie Company,https://en.wikipedia.org/wiki/File:Retribution(1987film).jpg,44
150400,Movie Company,https://en.wikipedia.org/wiki/File:Storm_Rider_Clash_of_the_Evils_poster.jpg,44
150403,Movie Company,https://en.wikipedia.org/wiki/File:Hidden_Fortress_-_The_Last_Princess.jpg,44
150404,Movie Company,https://en.wikipedia.org/wiki/File:Bonnevilleposter.jpg,44
150407,Movie Company,https://en.wikipedia.org/wiki/File:Miami_Bici_2020.jpg,44
150411,Amazon Prime Video,https://en.wikipedia.org/wiki/File:Poster_for_2020_film_Mangrove.jpg,44
150412,Amazon Prime Video,https://en.wikipedia.org/wiki/File:Lovers_Rock_2020_poster.jpg,44
150415,Movie Company,https://en.wikipedia.org/wiki/File:American_Utopia_(film).jpg,44
150418,the production company,https://en.wikipedia.org/wiki/File:Dick_Johnson_Is_Dead.jpg,44
150419,Movie Company,https://en.wikipedia.org/wiki/File:Rewind_2019_film_poster.jpg,44
150424,Red Chillies Entertainment on Twitter,https://en.wikipedia.org/wiki/File:Badla_poster.jpg,44
150427,IMP Awards,https://en.wikipedia.org/wiki/File:Falling_Inn_Love_poster.png,44
150437,Movie Company,https://en.wikipedia.org/wiki/File:The_Clovehitch_Killer_poster.jpg,44
150438,Blumhouse Productions,https://en.wikipedia.org/wiki/File:Creep2Poster.jpg,44
150443,Movie Company,https://en.wikipedia.org/wiki/File:Wakefield_poster.jpg,44
150456,the production company,https://en.wikipedia.org/wiki/File:Crip_Camp_poster.jpg,44
150506,Movie Company,https://en.wikipedia.org/wiki/File:Le_chemin_des_ecoliers.jpg,44
150508,Movie Company,https://en.wikipedia.org/wiki/File:All_Inclusive_2019_poster.jpg,44
150522,IMP Awards,https://en.wikipedia.org/wiki/File:Still_Here_(film).jpg,44
150524,Movie Company,https://en.wikipedia.org/wiki/File:First_Love_(2004_film).jpg,44
150525,MoviePosterDB.com,https://en.wikipedia.org/wiki/File:PoolOfLondon1951Poster.jpg,44
150526,Movie Company,https://en.wikipedia.org/wiki/File:%22Callan%22_(1974).jpg,44
150527,Impawards.com,https://en.wikipedia.org/wiki/File:Valentino_the_last_emperor.jpg,44
150528,Movie Company,https://en.wikipedia.org/wiki/File:Madeleine_1950.jpg,44
150529,Movie Company,https://en.wikipedia.org/wiki/File:Po_rasp_f01_leeholics.net.jpeg,44
150530,Movie Company,https://en.wikipedia.org/wiki/File:Chinese_box.jpg,45
150531,Movie Company,https://en.wikipedia.org/wiki/File:Il-ritorno-di-ringo-italian-movie-poster-md.jpg,44
150532,Marcos Cabotá,https://en.wikipedia.org/wiki/File:I_am_your_father.jpg,44
150535,Movie Company,https://en.wikipedia.org/wiki/File:Gli-invasori-poster.jpg,44
150538,RKO Pictures - Distributor of film,https://en.wikipedia.org/wiki/File:Count_the_hours_Poster_small.jpg,44
150541,Official film poster,https://en.wikipedia.org/wiki/File:Hitler_goes_Kaput!.jpg,44
150542,Movie Company,https://en.wikipedia.org/wiki/File:Beast_of_Burden_poster.jpg,44
150543,kinopoisk.ru,https://en.wikipedia.org/wiki/File:The_Three_Musketeers_(2013_film)_poster.jpg,44
150545,Movie Company,https://en.wikipedia.org/wiki/File:1944-The-Final-Defence.jpg,44
150547,Movie Company,https://en.wikipedia.org/wiki/File:Beyond-The-Front-Line.jpg,44
150548,ローレライ - Toho,https://en.wikipedia.org/wiki/File:Lorelei_(2005)_poster.jpg,44
150549,Movie Company,https://en.wikipedia.org/wiki/File:TheAfflictedFilm.jpg,44
150551,Movie Company,https://en.wikipedia.org/wiki/File:Beynelmilel.jpg,44
150553,Movie Company,https://en.wikipedia.org/wiki/File:Hokkabaz.jpg,45
150554,mein picturs,https://en.wikipedia.org/wiki/File:Montage(2013)_poster.jpg,44
150555,Movie Company,https://en.wikipedia.org/wiki/File:Space_Amoeba_1970.jpg,44
150556,Movie Company,https://en.wikipedia.org/wiki/File:Beyaz_melek.jpg,44
150557,Movie Company,https://en.wikipedia.org/wiki/File:Romantik_komedi.jpg,44
150558,Movie Company,https://en.wikipedia.org/wiki/File:Godzilla%27s_Revenge_1969.jpg,44
150559,Movie Company,https://en.wikipedia.org/wiki/File:Thegameoftheirlivesposter.jpg,44
150560,Movie Company,https://en.wikipedia.org/wiki/File:Taped_poster.jpg,44
150584,Movie Company,https://en.wikipedia.org/wiki/File:Scuola_di_ladri_(1986_Film).jpg,44
150585,IMP Awards,https://en.wikipedia.org/wiki/File:A_Woman%27s_Secret_Poster.jpg,44
150586,Image Entertainment,https://en.wikipedia.org/wiki/File:Way_of_the_Wicked_movie_poster_2014.jpg,44
150589,Movie Company,https://en.wikipedia.org/wiki/File:MurderersRow.jpg,44
150590,Movie Company,https://en.wikipedia.org/wiki/File:Lake_Placid_Legacy_DVD_cover.jpg,45
150591,Movie Company,https://en.wikipedia.org/wiki/File:The_Ambushers_film_poster.jpg,44
150596,Taewon Entertainment,https://en.wikipedia.org/wiki/File:The_Battle_of_Jangsari_Poster.jpg,44
150724,Movie Company,https://en.wikipedia.org/wiki/File:The_Barn_(2016)_poster.jpg,44
150725,Movie Company,https://en.wikipedia.org/wiki/File:Tutti_gli_uomini_del_deficiente.jpg,44
150727,Movie Company,https://en.wikipedia.org/wiki/File:Horrorblackmuseum.jpg,44
150728,imdb.com photo gallery,https://en.wikipedia.org/wiki/File:Festival_express.png,44
150730,Movie Company,https://en.wikipedia.org/wiki/File:Hell_Bent_for_Leather_(movie_poster).jpg,44
150732,Columbia Pictures,https://en.wikipedia.org/wiki/File:The_Stranger_Wore_a_Gun_Poster.jpg,44
150735,Movie Company,https://en.wikipedia.org/wiki/File:%22The_Prisoner%22_(1955).jpg,44
150736,Movie Company,https://en.wikipedia.org/wiki/File:Quando_sei_nato.jpg,44
150738,Impawards,https://en.wikipedia.org/wiki/File:Stripped_to_kill_poster.jpg,44
150740,Cold Productions,https://en.wikipedia.org/wiki/File:Cold_Blooded_-_Original_Theatrical_Poster.jpg,44
150741,Movie Company,https://en.wikipedia.org/wiki/File:Belushi_poster.jpg,44
150743,Movie Company,https://en.wikipedia.org/wiki/File:Kedi-film-poster.jpg,44
150744,Amazon Studios,https://en.wikipedia.org/wiki/File:OneChildPoster.jpg,44
150797,imdb.com,https://en.wikipedia.org/wiki/File:El_efecto_mariposa.jpg,44
150801,Next Entertainment World,https://en.wikipedia.org/wiki/File:Obsessed_(2014_film)-poster.jpg,44
150832,IMDb.com,https://en.wikipedia.org/wiki/File:Below_Zero_pster.jpg,44
150847,Movie Company,https://en.wikipedia.org/wiki/File:N%C3%A3o_Pare_na_Pista_Poster.jpg,44
150850,Movie Company,https://en.wikipedia.org/wiki/File:Tag_(film)_poster.jpeg,44
150854,Movie Company,https://en.wikipedia.org/wiki/File:Yalom%27s_Cure_poster.jpg,44
150856,Movie Company,https://en.wikipedia.org/wiki/File:Aya_Domenig_-_Als_die_Sonne_vom_Himmel_fiel_(2015).jpg,44
150858,Netflix,https://en.wikipedia.org/wiki/File:Just_Another_Christmas.jpg,44
150859,Imaj International,https://en.wikipedia.org/wiki/File:Stuck_Apart.jpg,44
150863,IMP Awards,https://en.wikipedia.org/wiki/File:Cuties_poster.jpg,44
150912,Movie Company,https://en.wikipedia.org/wiki/File:Babes_in_toyland_1961_poster.jpg,44
150947,Helmuth Ellgaard (1913-1980) - Holger.Ellgaard,https://en.wikipedia.org/wiki/File:Der_Greifer.jpg,21
150960,Sara Kiani,https://en.wikipedia.org/wiki/File:A_shot_from_behind_the_scene_of_Charkh_TV_program_by_Milad_Nouri_and_Shahriar_Rabbani.jpg,21
150961,Movie Company,https://en.wikipedia.org/wiki/File:A_new_kind_of_love_poster.jpg,44
150963,Movie Company,https://en.wikipedia.org/wiki/File:Borderline_-_1950_Poster.png,45
150964,Warner Bros. - Distributor of film,https://en.wikipedia.org/wiki/File:Damned_don%27t_cry_poster_1950.jpg,44
150967,Movie Company,https://en.wikipedia.org/wiki/File:Legacy_of_lies.jpg,44
150971,Movie Company,https://en.wikipedia.org/wiki/File:Blackwaterabyss2020poster.jpg,44
150975,"Editor, distributor and whole film crew",https://en.wikipedia.org/wiki/File:River_2015_canadian_film_poster.jpg,44
150978,Movie Company,https://en.wikipedia.org/wiki/File:Prisoners_of_the_Ghostland.jpg,44
150981,Movie Company,https://en.wikipedia.org/wiki/File:Letrange-couleur-des-larmes-de-ton-corps-french-movie-poster-md.jpg,44
150982,Movie Company,https://en.wikipedia.org/wiki/File:Confession_of_Murder-poster.jpg,44
150983,IMDb,https://en.wikipedia.org/wiki/File:Wild_hearts_cant_be_broken_poster.jpg,44
150984,Believed to be the General Film Corporation,https://en.wikipedia.org/wiki/File:Beyond_The_Edge_poster.png,44
150990,Movie Company,https://en.wikipedia.org/wiki/File:Maigret_and_His_Greatest_Case.jpeg,44
150991,Warner Brothers,https://en.wikipedia.org/wiki/File:THis_Is_Elvis_Movie_Poster.jpg,44
150995,Movie Company,https://en.wikipedia.org/wiki/File:Darkness_Fell_on_Gotenhafen.jpg,44
151010,Movie Company,https://en.wikipedia.org/wiki/File:Vfw_xlg.jpg,44
151027,Movie Company,https://en.wikipedia.org/wiki/File:The_Oslo_Diaries_(film_poster).jpg,44
151030,Amazon.com,https://en.wikipedia.org/wiki/File:Scooby-Doo!_Music_of_the_Vampire.jpg,45
151034,Movie Company,https://en.wikipedia.org/wiki/File:Deep_Blue_Sea_3.jpg,44
151036,Movie Company,https://en.wikipedia.org/wiki/File:Poster_of_the_movie_Ride_Clear_of_Diablo.jpg,44
151037,Movie Company,https://en.wikipedia.org/wiki/File:SideStreetposter.jpg,44
151038,Movie Company,https://en.wikipedia.org/wiki/File:%22The_Plank%22_(1967).jpg,44
151041,CineMaterial,https://en.wikipedia.org/wiki/File:Sunset_(2018_film_poster).png,44
151044,Movie Company,https://en.wikipedia.org/wiki/File:Asylumposterfilm.jpg,45
151045,Movie Company,https://en.wikipedia.org/wiki/File:The_Quiet_Family_Poster.jpg,44
151048,Mandarin Films Distribution Co. Ltd.,https://en.wikipedia.org/wiki/File:Dragontigergateposter.jpg,44
151050,Nordisk Film,https://en.wikipedia.org/wiki/File:The_Model_film_poster.png,44
151051,here,https://en.wikipedia.org/wiki/File:GodzillaFinalWarsPoster.jpg,44
151052,Movie Company,https://en.wikipedia.org/wiki/File:Assassination_(poster).jpg,44
151054,IMPAwards,https://en.wikipedia.org/wiki/File:That%27sLifeFilm.jpg,44
151055,e-m-s,https://en.wikipedia.org/wiki/File:Night_of_the_big_Heat_poster.jpg,44
151056,Movie Company,https://en.wikipedia.org/wiki/File:Tenwmpos.jpg,44
151058,Movie Company,https://en.wikipedia.org/wiki/File:C%27est_quoi_cette_famille.jpg,44
151125,Movie Company,https://en.wikipedia.org/wiki/File:Mermaraudpos.jpg,44
151126,Movie Company,https://en.wikipedia.org/wiki/File:Basilicata_Coast_to_Coast.jpg,44
151128,Movie Company,https://en.wikipedia.org/wiki/File:Neptune%27s_daughter_poster.jpg,44
151129,Movie Company,https://en.wikipedia.org/wiki/File:Eichmann_poster.jpg,44
151131,Movieposterdb.com,https://en.wikipedia.org/wiki/File:Midnight_in_Saint_Petersburg_FilmPoster.jpeg,44
151133,Movie Company,https://en.wikipedia.org/wiki/File:Another_WolfCop.jpg,44
151134,Movie Company,https://en.wikipedia.org/wiki/File:Come_un_gatto_in_tangenziale_ver2_xlg.jpg,44
151135,Movie Company,https://en.wikipedia.org/wiki/File:Man_in_the_attic.jpg,44
151136,Movie Company,https://en.wikipedia.org/wiki/File:Scenes_of_the_crime_movie.jpg,45
151137,Scan of eBay poster,https://en.wikipedia.org/wiki/File:Troublegirlsposter.jpg,44
151138,Movie Company,https://en.wikipedia.org/wiki/File:StayawayJoeElvis.jpg,44
151139,Studio and or Graphic Artist,https://en.wikipedia.org/wiki/File:Future_World_poster.jpg,44
151141,Movieposterdb.com,https://en.wikipedia.org/wiki/File:Eyes_in_the_Night_FilmPoster.jpeg,44
151142,MGM,https://en.wikipedia.org/wiki/File:Babes_on_broadwaymp.jpg,32
151145,Toei,https://en.wikipedia.org/wiki/File:Ninja_Wars_1982_Movie_Poster.jpg,44
151146,Movie Company,https://en.wikipedia.org/wiki/File:Poster_of_the_movie_Tennessee%27s_Partner.jpg,44
151155,Movie Company,https://en.wikipedia.org/wiki/File:Nevrland.jpg,44
151197,Movie Company,https://en.wikipedia.org/wiki/File:Rapture1965.jpg,44
151238,Movie Company,https://en.wikipedia.org/wiki/File:Encore_heureux.jpg,44
151242,Movie Company,https://en.wikipedia.org/wiki/File:Warlords_of_Atlantis.jpg,44
151246,unknown (RKO Pictures),https://en.wikipedia.org/wiki/File:Dick_Tracy_(1945)_poster_1.JPG,32
151248,Movie Company,https://en.wikipedia.org/wiki/File:Non_ci_resta_che_il_crimine_poster.jpg,44
151250,Movie Company,https://en.wikipedia.org/wiki/File:Eccezzziunale..._veramente.jpg,44
151270,Movie Company,https://en.wikipedia.org/wiki/File:Atomic_train_poster.jpg,44
151271,Movieposterdb.com,https://en.wikipedia.org/wiki/File:The_Finest_Hour_FilmPoster.jpeg,44
151355,Movie Company,https://en.wikipedia.org/wiki/File:Fast_Sofa_poster.jpg,44
151366,IMP Awards,https://en.wikipedia.org/wiki/File:The_Bushbaby.jpg,44
151367,Movie Company,https://en.wikipedia.org/wiki/File:Born_to_Ride_(film).jpg,44
151368,Movie Company,https://en.wikipedia.org/wiki/File:The_Merry_Widow_1952.jpg,45
151369,Movie Company,https://en.wikipedia.org/wiki/File:Juggler_1953.jpg,44
151377,FilmRise,https://en.wikipedia.org/wiki/File:Steve_McQueen_The_Man_%26_Le_Mans.jpg,44
151379,Star Cinema,"https://en.wikipedia.org/wiki/File:LizQueen,_Just_the_Way_You_Are,_Official_Movie_Poster.jpg",44
151381,Movie Company,https://en.wikipedia.org/wiki/File:Boca_Film_Poster.jpg,44
151382,Movieposterdb.com,https://en.wikipedia.org/wiki/File:Copacabana_FilmPoster.jpeg,44
151383,Movie Company,https://en.wikipedia.org/wiki/File:7_chili_in_7_giorni.jpg,44
151384,Movie Company,https://en.wikipedia.org/wiki/File:Poster_of_the_movie_The_King%27s_Thief.jpg,44
151386,Movie Company,https://en.wikipedia.org/wiki/File:The_Singing_Nun.jpg,44
151391,Movie Company,https://en.wikipedia.org/wiki/File:An_End_to_Killing_poster.jpg,44
151392,Movie Company,https://en.wikipedia.org/wiki/File:Love_%26_Air_Sex_poster.jpg,44
151394,Movie Company,https://en.wikipedia.org/wiki/File:Marfa_Girl_2_poster.jpg,44
151399,Movie Company,https://en.wikipedia.org/wiki/File:Le_R%C3%A9cif_de_corail_poster.jpg,44
151400,Georges Méliès (1861-1938),https://en.wikipedia.org/wiki/File:Melies-mille-nuits-dancing-skeletons.JPG,32
151403,Movie Company,https://en.wikipedia.org/wiki/File:Titanic_Town_(film).jpg,44
151406,Movie Company,https://en.wikipedia.org/wiki/File:Have_a_Little_Faith_(film).jpg,44
151428,Movie Company,https://en.wikipedia.org/wiki/File:The_Family_Friend_dvd.jpg,45
151431,Movie Company,"https://en.wikipedia.org/wiki/File:Time_Gentlemen,_Please!.jpg",44
151439,Internet Movie Database,https://en.wikipedia.org/wiki/File:Hive_Sundance_poster.jpeg,44
151440,Studio and or Graphic Artist,https://en.wikipedia.org/wiki/File:How_it_Ends_poster.jpeg,44
151441,IMP Awards,https://en.wikipedia.org/wiki/File:Together_Together_film_poster.png,44
151442,Movie Company,https://en.wikipedia.org/wiki/File:Wild_Indian_poster.jpg,44
151443,Movie Company,https://en.wikipedia.org/wiki/File:695493-el-planeta-0-230-0-345-crop.jpg,44
151452,Movie Company,"https://en.wikipedia.org/wiki/File:Fiddler,_A_Miracle_of_Miracles_poster.jpeg",44
151455,Movie Company,https://en.wikipedia.org/wiki/File:Rough_Cut_Poster.jpg,44
151458,Movie Company,https://en.wikipedia.org/wiki/File:Brittmarie_var_har.jpg,44
151461,Movie Company,https://en.wikipedia.org/wiki/File:Le-comiche_poster.jpg,44
151462,Amazon,https://en.wikipedia.org/wiki/File:A_Dash_of_Love_movie_cover.jpg,45
151463,Studio and or Graphic Artist,https://en.wikipedia.org/wiki/File:Killers_Anonymous_poster.jpg,44
151465,Amazon Prime Video,https://en.wikipedia.org/wiki/File:Alex_Wheatle_2020_poster.jpg,44
151466,Amazon Prime Video,https://en.wikipedia.org/wiki/File:Poster_for_2020_film_Education.jpg,44
151467,SquareOne Entertainment/Freestyle Releasing,https://en.wikipedia.org/wiki/File:Inappropriate_Comedy_poster.jpg,44
151469,Movieposterdb.com,https://en.wikipedia.org/wiki/File:The_Sorcerers_FilmPoster.jpeg,44
151474,Internet Movie Database,https://en.wikipedia.org/wiki/File:Fauve_(2018_film_poster).png,44
151526,Movie Company,https://en.wikipedia.org/wiki/File:Tarzan_the_Magnificent_(1960_film)_poster.jpg,44
151527,Movie Company,https://en.wikipedia.org/wiki/File:The_Gang_That_Couldn%27t_Shoot_Straight_poster.jpg,44
151528,Movie Company,https://en.wikipedia.org/wiki/File:To_Trap_A_Spy_Poster.JPG,44
151599,Universal Pictures,https://en.wikipedia.org/wiki/File:Theleechwoman1.jpg,44
151679,"Bryan Ortiz, Bryan Ramirez, Kerry Valderrama",https://en.wikipedia.org/wiki/File:Sanitarium2013horroranthology_film.jpg,44
151685,Movie Company,https://en.wikipedia.org/wiki/File:Return_to_the_Lost_World.jpg,45
151686,Movie Company,https://en.wikipedia.org/wiki/File:Storm_Fear_poster.jpg,44
151687,Movie Company,https://en.wikipedia.org/wiki/File:Freeloaders_(film)_poster.jpg,44
151873,Movie Company,"https://en.wikipedia.org/wiki/File:Land_Legs_Temp%C3%AAte_(film,_2015).jpg",44
151874,MGM,https://en.wikipedia.org/wiki/File:Tarzan_the_Ape_Man_(1959_film).jpg,44
151876,Movie Company,https://en.wikipedia.org/wiki/File:Love%27s_Carnival_(1955_film).jpg,44
151879,Movie Company,https://en.wikipedia.org/wiki/File:Dargame.jpg,44
151884,Clinger The Movie,https://en.wikipedia.org/wiki/File:Clinger_Poster.jpg,44
151885,Movie Company,https://en.wikipedia.org/wiki/File:Six_by_Sondheim.jpg,44
151893,Movie Company,https://en.wikipedia.org/wiki/File:Together_Again_poster.jpg,44
151894,Movie Company,https://en.wikipedia.org/wiki/File:IHuman_(film)_poster.jpg,44
151895,Movie Company,https://en.wikipedia.org/wiki/File:Appointment_(film).jpg,44
151896,RKO Radio Pictures Inc.,https://en.wikipedia.org/wiki/File:Riffraff47_1.jpg,44
151897,Amazon.com,https://en.wikipedia.org/wiki/File:Conduct_Unbecoming_VideoCover.jpeg,45
151899,Movie Company,https://en.wikipedia.org/wiki/File:The_Fifth_Wheel_(film).jpg,44
151900,Movie Company,"https://en.wikipedia.org/wiki/File:%22No_Sex_Please,_We%27re_British%22_(1973).jpg",44
151901,Movie Company,https://en.wikipedia.org/wiki/File:Camino_2015_poster.jpg,44
151902,Movieposterdb.com,https://en.wikipedia.org/wiki/File:I_Me_Wed_FilmPoster.jpeg,44
151903,Movie Company,https://en.wikipedia.org/wiki/File:Grey_Lady_(film)_poster.jpg,44
151904,Movie Company,https://en.wikipedia.org/wiki/File:Poster_of_The_Nevadan.jpg,44
151905,Movie Company,https://en.wikipedia.org/wiki/File:Pit-stop-poster.jpg,44
151906,Movieposterdb.com,https://en.wikipedia.org/wiki/File:Fort_Massacre_FilmPoster.jpeg,44
151907,Movie Company,https://en.wikipedia.org/wiki/File:The_Rendezvous_(2016_film_poster).jpg,44
151908,Movie Company,https://en.wikipedia.org/wiki/File:Sitting_BUll.jpg,44
151910,Movie Company,https://en.wikipedia.org/wiki/File:Subx1pos.jpg,44
151911,Movie Company,https://en.wikipedia.org/wiki/File:Donnaperamica_A_Woman_as_a_Friend.jpg,44
151913,Movie Company,https://en.wikipedia.org/wiki/File:It_Can%E2%80%99t_Be_All_Our_Fault.jpg,44
151914,Movie Company,https://en.wikipedia.org/wiki/File:1971Captain_Apache.jpg,44
151915,Movie Company,https://en.wikipedia.org/wiki/File:Escape_From_Zahrain_Movie_Poster.jpg,44
151917,Movie Company,https://en.wikipedia.org/wiki/File:Where_Hands_Touch_poster.jpg,44
